date,DXY,WTI,SPX,VIX,BTC,GOLD,UST_2Y,UST_10Y
2015-01-02,91.0800018311,52.6899986267,2058.19995117,17.7900009155,315.032012939,1186,0.66,2.12
2015-01-09,91.9400024414,48.3600006104,2044.81005859,17.5499992371,290.407989502,1216,0.59,1.98
2015-01-16,92.5199966431,48.6899986267,2019.42004395,20.9500007629,208.097000122,1276.90002441,0.49,1.83
2015-01-23,95,45.5900001526,2051.82006836,16.6599998474,232.878997803,1292.59997559,0.52,1.81
2015-01-30,94.8000030518,48.2400016785,1994.98999023,20.9699993134,226.425003052,1278.5,0.47,1.68
2015-02-06,94.6999969482,51.6899986267,2055.4699707,17.2900009155,222.26600647,1233.90002441,0.65,1.95
2015-02-13,94.1999969482,52.7799987793,2096.98999023,14.6899995804,235.427001953,1226.5,0.66,2.02
2015-02-20,94.25,50.3400001526,2110.30004883,14.3000001907,243.779006958,1204.40002441,0.67,2.13
2015-02-27,95.25,49.7599983215,2104.5,13.3400001526,253.82800293,1212.59997559,0.63,2
2015-03-06,97.6200027466,49.6100006104,2071.26000977,15.1999998093,272.722991943,1164.09997559,0.73,2.24
2015-03-13,100.330001831,44.8400001526,2053.39990234,16,285.337005615,1152.59997559,0.68,2.13
2015-03-20,97.9100036621,45.7200012207,2108.10009766,13.0200004578,261.74899292,1184.80004883,0.6,1.93
2015-03-27,97.2900009155,48.8699989319,2061.02001953,15.0699996948,247.029006958,1199.80004883,0.58,1.95
2015-04-03,97.4400024414,49.1399993896,2066.95996094,14.6700000763,254.322006226,1200.90002441,0.49,1.85
2015-04-10,99.3899993896,51.6399993896,2102.06005859,12.5799999237,236.072006226,1204.59997559,0.57,1.96
2015-04-17,97.5199966431,55.7400016785,2081.17993164,13.8900003433,222.882003784,1202.90002441,0.51,1.87
2015-04-24,96.9199981689,57.1500015259,2117.68994141,12.2899999619,231.268005371,1175.19995117,0.54,1.93
2015-05-01,95.3000030518,59.1500015259,2108.29003906,12.6999998093,232.078994751,1174.5,0.6,2.12
2015-05-08,94.7900009155,59.3899993896,2116.10009766,12.8599996567,243.863006592,1189.09997559,0.59,2.16
2015-05-15,93.1399993896,59.6899986267,2122.72998047,12.3800001144,237.604995728,1225.5,0.55,2.14
2015-05-22,96.0100021362,59.7200012207,2126.06005859,12.1300001144,240.348007202,1204.30004883,0.64,2.21
2015-05-29,96.9100036621,60.2999992371,2107.38989258,13.8400001526,237.095993042,1189.40002441,0.61,2.12
2015-06-05,96.3099975586,59.1300010681,2092.83007812,14.2100000381,224.95199585,1167.80004883,0.73,2.41
2015-06-12,94.9700012207,59.9599990845,2094.11010742,13.779999733,229.981994629,1178.80004883,0.74,2.39
2015-06-19,94.0899963379,59.6100006104,2109.98999023,13.9600000381,244.606002808,1201.5,0.65,2.26
2015-06-26,95.4700012207,59.6300010681,2101.48999023,14.0200004578,243.593994141,1172.90002441,0.72,2.49
2015-07-03,96.1100006104,56.9300003052,2076.7800293,16.7900009155,256.335998535,1163,0.64,2.4
2015-07-10,96.0299987793,52.7400016785,2076.62011719,16.8299999237,284.894012451,1157.69995117,0.65,2.42
2015-07-17,97.8600006104,50.8899993896,2126.63989258,11.9499998093,279.471984863,1131.80004883,0.68,2.34
2015-07-24,97.2399978638,48.1399993896,2079.64990234,13.7399997711,288.278015137,1085.59997559,0.7,2.27
2015-07-31,97.3700027466,47.1199989319,2103.84008789,12.1199998856,284.649993896,1094.90002441,0.67,2.2
2015-08-07,97.5599975586,43.8699989319,2077.57006836,13.3900003433,279.584991455,1094.09997559,0.73,2.18
2015-08-14,96.5699996948,42.5,2091.54003906,12.8299999237,265.679992676,1112.90002441,0.73,2.2
2015-08-21,94.8300018311,40.4500007629,1970.89001465,28.0300006866,232.569000244,1159.59997559,0.64,2.05
2015-08-28,96.1100006104,45.2200012207,1988.86999512,26.0499992371,231.395996094,1133.09997559,0.72,2.19
2015-09-04,96.2300033569,46.0499992371,1921.2199707,27.7999992371,230.29800415,1120.59997559,0.71,2.13
2015-09-11,95.1900024414,44.6300010681,1961.05004883,23.2000007629,240.106994629,1103.5,0.71,2.2
2015-09-18,94.8600006104,44.6800003052,1958.0300293,22.2800006866,232.975006104,1138.09997559,0.69,2.13
2015-09-25,96.2699966431,45.7000007629,1931.33996582,23.6200008392,235.143997192,1146,0.7,2.17
2015-10-02,95.8300018311,45.5400009155,1951.35998535,20.9400005341,237.292999268,1137.09997559,0.58,1.99
2015-10-09,94.8099975586,49.6300010681,2014.89001465,17.0799999237,243.930999756,1156.30004883,0.65,2.12
2015-10-16,94.5400009155,47.2599983215,2033.10998535,15.0500001907,262.868988037,1183.59997559,0.61,2.04
2015-10-23,97.0699996948,44.5999984741,2075.14990234,14.4600000381,276.496002197,1163.30004883,0.66,2.09
2015-10-30,96.9499969482,46.5900001526,2079.36010742,15.0699996948,328.015014648,1141.5,0.75,2.16
2015-11-06,99.1600036621,44.2900009155,2099.19995117,14.3299999237,374.470001221,1087.59997559,0.9,2.34
2015-11-13,98.9899978638,40.7400016785,2023.04003906,20.0799999237,336.752990723,1080.80004883,0.86,2.28
2015-11-20,99.5699996948,40.3899993896,2089.16992188,15.470000267,322.022003174,1076.40002441,0.93,2.26
2015-11-27,100.019996643,41.7099990845,2090.11010742,15.1199998856,358.041992188,1056.19995117,0.92,2.22
2015-12-04,98.3499984741,39.9700012207,2091.68994141,14.8100004196,363.183013916,1084.5,0.96,2.28
2015-12-11,97.5699996948,35.6199989319,2012.36999512,24.3899993896,451.937988281,1076.90002441,0.88,2.13
2015-12-18,98.6999969482,34.7299995422,2005.55004883,20.7000007629,463.615997314,1066.19995117,0.97,2.19
2015-12-25,97.9800033569,38.0999984741,2060.98999023,15.7399997711,455.653015137,1077.19995117,1.03,2.25
2016-01-01,98.6299972534,37.0400009155,2043.93994141,18.2099990845,434.334014893,1060.30004883,1.06,2.27
2016-01-08,98.5400009155,33.1599998474,1922.0300293,27.0100002289,453.230010986,1097.80004883,0.94,2.13
2016-01-15,98.9599990845,29.4200000763,1880.32995605,27.0200004578,364.330993652,1091.5,0.85,2.03
2016-01-22,99.5699996948,32.1899986267,1906.90002441,22.3400001526,382.492004395,1097.19995117,0.88,2.07
2016-01-29,99.6100006104,33.6199989319,1940.23999023,20.2000007629,379.473999023,1116.40002441,0.76,1.94
2016-02-05,97.0299987793,30.8899993896,1880.05004883,23.3799991608,386.54901123,1157.80004883,0.74,1.86
2016-02-12,95.9800033569,29.4400005341,1864.7800293,25.3999996185,384.263000488,1239.09997559,0.71,1.74
2016-02-19,96.5999984741,29.6399993896,1917.7800293,20.5300006866,420.785003662,1230.40002441,0.76,1.76
2016-02-26,98.1500015259,32.7799987793,1948.05004883,19.8099994659,432.152008057,1219.80004883,0.8,1.76
2016-03-04,97.3399963379,35.9199981689,1999.98999023,16.8600006104,410.938995361,1269.90002441,0.88,1.88
2016-03-11,96.1699981689,38.5,2022.18994141,16.5,421.690002441,1258.69995117,0.97,1.98
2016-03-18,94.9899978638,39.4399986267,2049.58007812,14.0200004578,409.54800415,1253.80004883,0.84,1.88
2016-03-25,96.1399993896,39.4599990845,2035.93994141,14.7399997711,417.177001953,1221.40002441,0.89,1.91
2016-04-01,94.6200027466,36.7900009155,2072.7800293,13.1000003815,417.959991455,1222.19995117,0.76,1.79
2016-04-08,94.2399978638,39.7200012207,2047.59997559,15.3599996567,420.348999023,1242.5,0.7,1.72
2016-04-15,94.6999969482,40.3600006104,2080.72998047,13.6199998856,429.713012695,1233.09997559,0.74,1.76
2016-04-22,95.1200027466,43.7299995422,2091.58007812,13.220000267,445.736999512,1228.69995117,0.84,1.89
2016-04-29,93.0800018311,45.9199981689,2065.30004883,15.6999998093,455.096984863,1289.19995117,0.77,1.83
2016-05-06,93.8899993896,44.6599998474,2057.13989258,14.720000267,459.602996826,1292.90002441,0.74,1.79
2016-05-13,94.6100006104,46.2099990845,2046.60998535,15.0399999619,455.670013428,1271.90002441,0.76,1.71
2016-05-20,95.3099975586,47.75,2052.32006836,15.1999998093,442.675994873,1252.40002441,0.89,1.85
2016-05-27,95.5199966431,49.3300018311,2099.06005859,13.1199998856,473.463989258,1213.80004883,0.9,1.85
2016-06-03,94.0299987793,48.6199989319,2099.12988281,13.470000267,569.193969727,1240.09997559,0.78,1.71
2016-06-10,94.5999984741,49.0699996948,2096.07006836,17.0300006866,577.469970703,1273.40002441,0.73,1.64
2016-06-17,94.2099990845,47.9799995422,2071.2199707,19.4099998474,748.908996582,1292.5,0.7,1.62
2016-06-24,95.4499969482,47.6399993896,2037.41003418,25.7600002289,665.29901123,1320,0.64,1.57
2016-07-01,95.6500015259,48.9900016785,2102.94995117,14.7700004578,676.296020508,1336.69995117,0.59,1.46
2016-07-08,96.3000030518,45.4099998474,2129.89990234,13.1999998093,666.523010254,1356.59997559,0.61,1.37
2016-07-15,96.5800018311,45.9500007629,2161.73999023,12.6700000763,663.255004883,1326.5,0.71,1.6
2016-07-22,97.4700012207,44.1899986267,2175.0300293,12.0200004578,650.619018555,1323.09997559,0.71,1.57
2016-07-29,95.5299987793,41.5999984741,2173.60009766,11.8699998856,656.992004395,1349,0.67,1.46
2016-08-05,96.1900024414,41.7999992371,2182.87011719,11.3900003433,575.043029785,1336.40002441,0.72,1.59
2016-08-12,95.7200012207,44.4900016785,2184.05004883,11.5500001907,587.559020996,1335.80004883,0.71,1.51
2016-08-19,94.5100021362,48.5200004578,2183.87011719,11.3400001526,575.630004883,1340.40002441,0.76,1.58
2016-08-26,95.5699996948,47.6399993896,2169.04003906,13.6499996185,579.651000977,1321.5,0.84,1.62
2016-09-02,95.8799972534,44.4399986267,2179.97998047,11.9799995422,575.536987305,1322.09997559,0.8,1.6
2016-09-09,95.3399963379,45.8800010681,2127.81005859,17.5,622.861022949,1330.09997559,0.79,1.67
2016-09-16,96.1100006104,43.0299987793,2139.15991211,15.3699998856,606.973022461,1305.80004883,0.77,1.7
2016-09-23,95.4800033569,44.4799995422,2164.68994141,12.2899999619,602.84197998,1337.19995117,0.77,1.62
2016-09-30,95.4599990845,48.2400016785,2168.27001953,13.2899999619,609.734985352,1313.30004883,0.77,1.6
2016-10-07,96.5199966431,49.8100013733,2153.73999023,13.4799995422,617.12097168,1248.90002441,0.83,1.73
2016-10-14,98.0199966431,50.3499984741,2132.97998047,16.1200008392,640.377990723,1253.09997559,0.84,1.8
2016-10-21,98.6999969482,50.8499984741,2141.15991211,13.3400001526,632.82800293,1265.90002441,0.84,1.74
2016-10-28,98.3499984741,48.7000007629,2126.40991211,16.1900005341,689.651000977,1275.5,0.86,1.86
2016-11-04,97.0699996948,44.0699996948,2085.17993164,22.5100002289,703.234985352,1303.30004883,0.8,1.79
2016-11-11,98.7900009155,44.6599998474,2164.44995117,14.1700000763,716.411010742,1265.5,0.92,2.15
2016-11-18,101.209999084,45.6899986267,2181.89990234,12.8500003815,751.585021973,1208.5,1.07,2.34
2016-11-25,101.489997864,46.0600013733,2213.35009766,12.3400001526,741.648986816,1178.19995117,1.12,2.36
2016-12-02,100.769996643,51.6800003052,2191.94995117,14.1199998856,777.943969727,1175.09997559,1.11,2.4
2016-12-09,101.569999695,51.5,2259.5300293,11.75,772.794006348,1159.40002441,1.15,2.47
2016-12-16,102.949996948,51.9000015259,2258.07006836,12.1999998093,784.906982422,1135.30004883,1.28,2.6
2016-12-23,103.010002136,53.0200004578,2263.79003906,11.4399995804,921.984008789,1131.90002441,1.22,2.55
2016-12-30,102.38999939,53.7200012207,2238.83007812,14.0399999619,961.237976074,1150,1.2,2.45
2017-01-06,102.220001221,53.9900016785,2276.97998047,11.3199996948,902.20098877,1171.90002441,1.22,2.42
2017-01-13,101.180000305,52.3699989319,2274.63989258,11.2299995422,823.984008789,1195.30004883,1.21,2.4
2017-01-20,100.739997864,52.4199981689,2271.31005859,11.5399999619,895.026000977,1204.30004883,1.2,2.48
2017-01-27,100.529998779,53.1699981689,2294.68994141,10.5799999237,919.75,1188.09997559,1.22,2.49
2017-02-03,99.8700027466,53.8300018311,2297.41992188,10.970000267,1029.91003418,1218.5,1.21,2.49
2017-02-10,100.800003052,53.8600006104,2316.10009766,10.8500003815,988.67401123,1234.40002441,1.2,2.41
2017-02-17,100.949996948,53.4000015259,2351.15991211,11.4899997711,1046.20996094,1237.59997559,1.21,2.42
2017-02-24,101.089996338,53.9900016785,2367.34008789,11.470000267,1173.68005371,1256.90002441,1.12,2.31
2017-03-03,101.540000916,53.3300018311,2383.12011719,10.9600000381,1274.98999023,1225.5,1.32,2.49
2017-03-10,101.25,48.4900016785,2372.60009766,11.6599998474,1116.7199707,1200.69995117,1.36,2.58
2017-03-17,100.300003052,48.7799987793,2378.25,11.279999733,1100.22998047,1229.80004883,1.33,2.5
2017-03-24,99.6299972534,47.9700012207,2343.97998047,12.9600000381,937.520019531,1248.19995117,1.26,2.4
2017-03-31,100.349998474,50.5999984741,2362.7199707,12.3699998856,1071.79003906,1247.30004883,1.27,2.4
2017-04-07,101.180000305,52.2400016785,2355.54003906,12.8699998856,1176.90002441,1254.30004883,1.29,2.38
2017-04-14,100.559997559,53.1800003052,2328.94995117,15.9600000381,1167.54003906,1285.90002441,1.21,2.24
2017-04-21,99.9800033569,49.6199989319,2348.68994141,14.6300001144,1222.05004883,1287.40002441,1.2,2.24
2017-04-28,99.0500030518,49.3300018311,2384.19995117,10.8199996948,1316.47998047,1266.09997559,1.28,2.29
2017-05-05,98.6500015259,46.2200012207,2399.29003906,10.5699996948,1555.44995117,1224.80004883,1.32,2.36
2017-05-12,99.25,47.8400001526,2390.89990234,10.3999996185,1724.23999023,1226.19995117,1.29,2.33
2017-05-19,97.1500015259,50.3300018311,2381.72998047,12.0399999619,1987.70996094,1252.69995117,1.28,2.23
2017-05-26,97.4000015259,49.7999992371,2415.82006836,9.81000041962,2202.41992188,1267.59997559,1.3,2.25
2017-06-02,96.7200012207,47.6599998474,2439.07006836,9.75,2488.55004883,1276.80004883,1.28,2.15
2017-06-09,97.2699966431,45.8300018311,2431.77001953,10.6999998093,2823.81005859,1268.5,1.35,2.21
2017-06-16,97.1600036621,44.7400016785,2433.14990234,10.3800001144,2518.56005859,1254,1.32,2.16
2017-06-23,97.3000030518,43.0099983215,2438.30004883,10.0200004578,2744.90991211,1256.19995117,1.34,2.15
2017-06-30,95.6600036621,46.0400009155,2423.40991211,11.1800003052,2480.84008789,1240.69995117,1.38,2.31
2017-07-07,96.0100021362,44.2299995422,2425.17993164,11.1899995804,2518.65991211,1208.59997559,1.4,2.39
2017-07-14,95.1100006104,46.5400009155,2459.27001953,9.51000022888,2233.34008789,1226.59997559,1.35,2.33
2017-07-21,93.9400024414,45.7700004578,2472.54003906,9.35999965668,2667.76000977,1254.30004883,1.36,2.24
2017-07-28,93.2600021362,49.7099990845,2472.10009766,10.2899999619,2809.01000977,1268.40002441,1.34,2.3
2017-08-04,93.5400009155,49.5800018311,2476.83007812,10.029999733,2895.88989258,1258.30004883,1.36,2.27
2017-08-11,93.0699996948,48.8199996948,2441.32006836,15.5100002289,3650.62011719,1287.69995117,1.3,2.19
2017-08-18,93.4300003052,48.5099983215,2425.55004883,14.2600002289,4160.62011719,1285.69995117,1.33,2.19
2017-08-25,92.7399978638,47.8699989319,2443.05004883,11.279999733,4371.60009766,1292.5,1.35,2.17
2017-09-01,92.8099975586,47.2900009155,2476.55004883,10.1300001144,4892.00976562,1324.5,1.35,2.16
2017-09-08,91.3300018311,47.4799995422,2461.42993164,12.1199998856,4228.75,1346,1.27,2.06
2017-09-15,91.8700027466,49.8899993896,2500.22998047,10.1700000763,3637.52001953,1320.40002441,1.39,2.2
2017-09-22,92.1699981689,50.6599998474,2502.2199707,9.59000015259,3630.69995117,1293.30004883,1.46,2.26
2017-09-29,93.0800018311,51.6699981689,2519.36010742,9.51000022888,4163.06982422,1281.5,1.47,2.33
2017-10-06,93.8000030518,49.2900009155,2549.33007812,9.64999961853,4370.81005859,1271.59997559,1.54,2.37
2017-10-13,93.0899963379,51.4500007629,2553.16992188,9.60999965668,5647.20996094,1301.5,1.51,2.28
2017-10-20,93.6999969482,51.4700012207,2575.20996094,9.97000026703,6011.45019531,1277.40002441,1.6,2.39
2017-10-27,94.9199981689,53.9000015259,2581.07006836,9.80000019073,5780.89990234,1268.5,1.59,2.42
2017-11-03,94.9400024414,55.6399993896,2587.84008789,9.14000034332,7207.75976562,1266.5,1.63,2.34
2017-11-10,94.3899993896,56.7400016785,2582.30004883,11.2899999619,6618.14013672,1272.40002441,1.67,2.4
2017-11-17,93.6600036621,56.5499992371,2578.85009766,11.4300003052,7708.99023438,1295.80004883,1.73,2.35
2017-11-24,92.7600021362,58.9500007629,2602.41992188,9.67000007629,8253.69042969,1286.69995117,1.75,2.34
2017-12-01,92.9000015259,58.3600006104,2642.2199707,11.4300003052,10975.5996094,1278.80004883,1.78,2.37
2017-12-08,93.9000015259,57.3600006104,2651.5,9.57999992371,16569.4003906,1245.19995117,1.8,2.38
2017-12-15,93.9300003052,57.2999992371,2675.81005859,9.42000007629,17706.9003906,1254.30004883,1.84,2.35
2017-12-22,93.3499984741,58.4700012207,2683.34008789,9.89999961853,13831.7998047,1275.40002441,1.91,2.48
2017-12-29,92.1200027466,60.4199981689,2673.61010742,11.0399999619,14656.2001953,1306.30004883,1.89,2.4
2018-01-05,91.9499969482,61.4399986267,2743.14990234,9.22000026703,17429.5,1320.30004883,1.96,2.47
2018-01-12,90.9700012207,64.3000030518,2786.23999023,10.1599998474,13980.5996094,1333.40002441,1.99,2.55
2018-01-19,90.5699996948,63.3699989319,2810.30004883,11.2700004578,11607.4003906,1331.90002441,2.06,2.64
2018-01-26,89.0699996948,66.1399993896,2872.87011719,11.0799999237,11171.4003906,1351.59997559,2.13,2.66
2018-02-02,89.1999969482,65.4499969482,2762.12988281,17.3099994659,8830.75,1333.69995117,2.15,2.84
2018-02-09,90.4400024414,59.2000007629,2619.55004883,29.0599994659,8736.98046875,1313.09997559,2.05,2.83
2018-02-16,89.0999984741,61.6800003052,2732.2199707,19.4599990845,10233.9003906,1353.19995117,2.21,2.87
2018-02-23,89.8799972534,63.5499992371,2747.30004883,16.4899997711,10301.0996094,1328.19995117,2.25,2.88
2018-03-02,89.9400024414,61.25,2691.25,19.5900001526,11086.4003906,1321.09997559,2.25,2.86
2018-03-09,90.0899963379,62.0400009155,2786.57006836,14.6400003433,9337.54980469,1322.40002441,2.27,2.9
2018-03-16,90.2300033569,62.3400001526,2752.01000977,15.8000001907,8338.34960938,1311.30004883,2.31,2.85
2018-03-23,89.4400024414,65.8799972534,2588.26000977,24.8700008392,8879.62011719,1349.30004883,2.28,2.82
2018-03-30,90.1500015259,64.9400024414,2640.87011719,19.9699993134,6890.52001953,1322.80004883,2.27,2.74
2018-04-06,90.1100006104,62.0600013733,2604.4699707,21.4899997711,6636.31982422,1331.90002441,2.27,2.77
2018-04-13,89.8000030518,67.3899993896,2656.30004883,17.4099998474,7895.95996094,1344.80004883,2.37,2.82
2018-04-20,90.3199996948,68.3799972534,2670.13989258,16.8799991608,8845.83007812,1336.69995117,2.46,2.96
2018-04-27,91.5400009155,68.0999984741,2669.90991211,15.4099998474,8987.04980469,1320.30004883,2.49,2.96
2018-05-04,92.5699996948,69.7200012207,2663.41992188,14.7700004578,9700.75976562,1312.69995117,2.51,2.95
2018-05-11,92.5400009155,70.6999969482,2727.7199707,12.6499996185,8441.49023438,1319,2.54,2.97
2018-05-18,93.6399993896,71.2799987793,2712.9699707,13.4200000763,8250.96972656,1290.19995117,2.55,3.06
2018-05-25,94.1900024414,67.8799972534,2721.33007812,13.220000267,7480.14013672,1303.30004883,2.48,2.93
2018-06-01,94.1900024414,65.8099975586,2734.62011719,13.4600000381,7541.45019531,1294.80004883,2.47,2.89
2018-06-08,93.5500030518,65.7399978638,2779.0300293,12.1800003052,7624.91992188,1298.09997559,2.5,2.93
2018-06-15,94.7900009155,65.0599975586,2779.65991211,11.9799995422,6456.58007812,1274.59997559,2.55,2.93
2018-06-22,94.5199966431,68.5800018311,2754.87988281,13.7700004578,6083.68994141,1267.40002441,2.56,2.9
2018-06-29,94.6299972534,74.1500015259,2718.37011719,16.0900001526,6218.29980469,1251.30004883,2.52,2.85
2018-07-06,94.0400009155,73.8000030518,2759.82006836,13.3699998856,6673.5,1254.30004883,2.53,2.82
2018-07-13,94.75,71.0100021362,2801.31005859,12.1800003052,6238.04980469,1239.59997559,2.59,2.83
2018-07-20,94.4599990845,70.4599990845,2801.83007812,12.8599996567,7354.12988281,1229.5,2.6,2.89
2018-07-27,94.6800003052,68.6900024414,2818.82006836,13.029999733,8165.00976562,1222.59997559,2.67,2.96
2018-08-03,95.1399993896,68.4899978638,2840.35009766,11.6400003433,7434.39013672,1214.19995117,2.63,2.95
2018-08-10,96.3600006104,67.6299972534,2833.2800293,13.1599998474,6184.70996094,1211.09997559,2.61,2.87
2018-08-17,96.0999984741,65.9100036621,2850.12988281,12.6400003433,6580.62988281,1176.5,2.61,2.87
2018-08-24,95.1500015259,68.7200012207,2874.68994141,11.9899997711,6719.95996094,1206.30004883,2.63,2.82
2018-08-31,95.1399993896,69.8000030518,2901.52001953,12.8599996567,7037.58007812,1200.30004883,2.62,2.86
2018-09-07,95.3700027466,67.75,2871.67993164,14.8800001144,6467.06982422,1193.59997559,2.71,2.94
2018-09-14,94.9800033569,68.9899978638,2904.97998047,12.0699996948,6512.70996094,1195,2.78,2.99
2018-09-21,94.2200012207,70.7799987793,2929.66992188,11.6800003052,6734.95019531,1196.19995117,2.81,3.07
2018-09-28,95.1900024414,73.25,2913.97998047,12.1199998856,6644.12988281,1191.5,2.81,3.05
2018-10-05,95.6200027466,74.3399963379,2885.57006836,14.8199996948,6622.47998047,1201.19995117,2.88,3.23
2018-10-12,95.2200012207,71.3399963379,2767.12988281,21.3099994659,6274.58007812,1218.09997559,2.85,3.15
2018-10-19,95.7099990845,69.1200027466,2767.7800293,19.8899993896,6465.41015625,1225.30004883,2.92,3.2
2018-10-26,96.3600006104,67.5899963379,2658.68994141,24.1599998474,6474.75,1232.5,2.81,3.08
2018-11-02,96.5400009155,63.1399993896,2723.06005859,19.5100002289,6388.43994141,1230.90002441,2.91,3.22
2018-11-09,96.9100036621,60.1899986267,2781.01000977,17.3600006104,6385.62011719,1206.40002441,2.94,3.19
2018-11-16,96.4700012207,56.4599990845,2736.27001953,18.1399993896,5575.54980469,1220.80004883,2.81,3.08
2018-11-23,96.9199981689,50.4199981689,2632.56005859,21.5200004578,4347.10986328,1221,2.81,3.05
2018-11-30,97.2699966431,50.9300003052,2760.16992188,18.0699996948,4017.26855469,1220.19995117,2.8,3.01
2018-12-07,96.5100021362,52.6100006104,2633.08007812,23.2299995422,3419.93725586,1246.80004883,2.72,2.85
2018-12-14,97.4400024414,51.2000007629,2599.94995117,21.6299991608,3242.48486328,1237,2.73,2.89
2018-12-21,96.9599990845,45.5900001526,2416.62011719,30.1100006104,3896.54370117,1253.80004883,2.63,2.79
2018-12-28,96.3899993896,45.3300018311,2485.73999023,28.3400001526,3923.91870117,1279.90002441,2.52,2.72
2019-01-04,96.1900024414,47.9599990845,2531.93994141,21.3799991608,3857.7175293,1282.69995117,2.5,2.67
2019-01-11,95.6699981689,51.5900001526,2596.26000977,18.1900005341,3687.36547852,1287.09997559,2.55,2.71
2019-01-18,96.3399963379,53.7999992371,2670.70996094,17.7999992371,3657.83935547,1281.30004883,2.62,2.79
2019-01-25,95.7900009155,53.6899986267,2664.76000977,17.4200000763,3599.76586914,1297.40002441,2.6,2.76
2019-02-01,95.5800018311,55.2599983215,2706.5300293,16.1399993896,3487.9453125,1316.90002441,2.52,2.7
2019-02-08,96.6399993896,52.7200012207,2707.87988281,15.720000267,3666.78027344,1313.69995117,2.45,2.63
2019-02-15,96.9199981689,55.5900001526,2775.60009766,14.9099998474,3620.81079102,1318.09997559,2.52,2.66
2019-02-22,96.5100021362,57.2599983215,2792.66992188,13.5100002289,4005.52661133,1329.19995117,2.48,2.65
2019-03-01,96.5299987793,55.7999992371,2803.68994141,13.5699996948,3859.58374023,1296.40002441,2.55,2.76
2019-03-08,97.3700027466,56.0699996948,2743.07006836,16.0499992371,3901.1315918,1297,2.45,2.62
2019-03-15,96.5999984741,58.5200004578,2822.47998047,12.8800001144,3960.91113281,1301.80004883,2.43,2.59
2019-03-22,96.6500015259,59.0400009155,2800.70996094,16.4799995422,4023.96826172,1311.59997559,2.31,2.44
2019-03-29,97.2799987793,60.1399993896,2834.39990234,13.7100000381,4098.37451172,1293,2.27,2.41
2019-04-05,97.4000015259,63.0800018311,2892.73999023,12.8199996948,5036.68115234,1290.40002441,2.35,2.5
2019-04-12,96.9700012207,63.8899993896,2907.40991211,12.0100002289,5089.5390625,1290.59997559,2.4,2.56
2019-04-19,97.4700012207,64,2905.0300293,12.0900001526,5303.8125,1271.90002441,2.38,2.57
2019-04-26,98.0100021362,63.2999992371,2939.87988281,12.7299995422,5279.34814453,1284.90002441,2.28,2.51
2019-05-03,97.5199966431,61.9399986267,2945.63989258,12.8699998856,5768.28955078,1279.19995117,2.33,2.54
2019-05-10,97.3300018311,61.6599998474,2881.39990234,16.0400009155,6378.84912109,1285.69995117,2.26,2.47
2019-05-17,98,62.7599983215,2859.5300293,15.9600000381,7343.89550781,1274.5,2.2,2.39
2019-05-24,97.6100006104,58.6300010681,2826.06005859,15.8500003815,7987.37158203,1283,2.16,2.32
2019-05-31,97.75,53.5,2752.06005859,18.7099990845,8574.50195312,1305.80004883,1.95,2.14
2019-06-07,96.6100006104,53.9900016785,2873.34008789,16.2999992371,8043.95117188,1341.19995117,1.85,2.09
2019-06-14,97.5699996948,52.5099983215,2886.97998047,15.279999733,8693.83300781,1340.09997559,1.84,2.09
2019-06-21,96.2200012207,57.4300003052,2950.45996094,15.3999996185,10144.5566406,1396.19995117,1.77,2.07
2019-06-28,96.1299972534,58.4700012207,2941.76000977,15.0799999237,12407.3320312,1409.69995117,1.75,2
2019-07-05,97.25,57.5099983215,2990.40991211,13.279999733,10978.4599609,1396.69995117,1.87,2.04
2019-07-12,96.8099975586,60.2099990845,3013.77001953,12.3900003433,11815.9863281,1409.90002441,1.84,2.12
2019-07-19,97.1500015259,55.6300010681,2976.61010742,14.4499998093,10530.7324219,1425.09997559,1.8,2.05
2019-07-26,98.0100021362,56.2000007629,3025.86010742,12.1599998474,9870.30371094,1418.5,1.86,2.08
2019-08-02,98.0999984741,55.6599998474,2932.05004883,17.6100006104,10518.1748047,1445.59997559,1.72,1.86
2019-08-09,97.4899978638,54.5,2918.64990234,17.9699993134,11862.9365234,1496.59997559,1.63,1.74
2019-08-16,98.1399993896,54.8699989319,2888.67993164,18.4699993134,10374.3388672,1512.5,1.48,1.55
2019-08-23,97.6399993896,54.1699981689,2847.11010742,19.8700008392,10407.9648438,1526.59997559,1.51,1.52
2019-08-30,98.9199981689,55.0999984741,2926.45996094,18.9799995422,9598.17382812,1519.09997559,1.5,1.5
2019-09-06,98.3899993896,56.5200004578,2978.70996094,15,10353.3027344,1506.19995117,1.53,1.55
2019-09-13,98.2600021362,54.8499984741,3007.38989258,13.7399997711,10360.546875,1490.90002441,1.79,1.9
2019-09-20,98.5100021362,58.0900001526,2992.07006836,15.3199996948,10181.6416016,1507.30004883,1.69,1.74
2019-09-27,99.1100006104,55.9099998474,2961.79003906,17.2199993134,8251.84570312,1499.09997559,1.63,1.69
2019-10-04,98.8099975586,52.8100013733,2952.01000977,17.0400009155,8205.93945312,1506.19995117,1.4,1.52
2019-10-11,98.3000030518,54.7000007629,2970.27001953,15.5799999237,8321.75683594,1482.69995117,1.63,1.76
2019-10-18,97.2799987793,53.7799987793,2986.19995117,14.25,7973.20751953,1488.19995117,1.58,1.76
2019-10-25,97.8300018311,56.6599998474,3022.55004883,12.6499996185,8660.70019531,1499.5,1.63,1.8
2019-11-01,97.2399978638,56.2000007629,3066.90991211,12.3000001907,9261.10449219,1508,1.56,1.73
2019-11-08,98.3499984741,57.2400016785,3093.08007812,12.0699996948,8804.88085938,1461.30004883,1.68,1.94
2019-11-15,98,57.7200012207,3120.45996094,12.0500001907,8491.9921875,1467.30004883,1.61,1.84
2019-11-22,98.2699966431,57.7700004578,3110.29003906,12.3400001526,7296.57763672,1463.09997559,1.61,1.77
2019-11-29,98.2699966431,55.1699981689,3140.97998047,12.6199998856,7761.24365234,1465.59997559,1.61,1.78
2019-12-06,97.6999969482,59.2000007629,3145.90991211,13.6199998856,7546.99658203,1459.09997559,1.61,1.84
2019-12-13,97.1699981689,60.0699996948,3168.80004883,12.6300001144,7269.68457031,1475.59997559,1.61,1.82
2019-12-20,97.7099990845,60.4399986267,3221.2199707,12.5100002289,7218.81640625,1474.69995117,1.63,1.92
2019-12-27,96.9199981689,61.7200012207,3240.02001953,13.4300003052,7290.08837891,1513.80004883,1.59,1.88
2020-01-03,96.8399963379,63.0499992371,3234.85009766,14.0200004578,7344.88427734,1549.19995117,1.53,1.8
2020-01-10,97.3600006104,59.0400009155,3265.35009766,12.5600004196,8166.55419922,1557.5,1.56,1.83
2020-01-17,97.6100006104,58.5400009155,3329.62011719,12.1000003815,8929.03808594,1558.80004883,1.58,1.84
2020-01-24,97.8499984741,54.1899986267,3295.4699707,14.5600004196,8445.43457031,1571.09997559,1.49,1.7
2020-01-31,97.3899993896,51.5600013733,3225.52001953,18.8400001526,9350.52929688,1582.90002441,1.33,1.51
2020-02-07,98.6800003052,50.3199996948,3327.70996094,15.470000267,9795.94335938,1568.59997559,1.41,1.59
2020-02-14,99.1200027466,52.0499992371,3380.15991211,13.6800003052,10312.1162109,1582.69995117,1.42,1.59
2020-02-21,99.2600021362,53.3800010681,3337.75,17.0799999237,9686.44140625,1644.59997559,1.34,1.46
2020-02-28,98.1299972534,44.7599983215,2954.2199707,40.1100006104,8672.45507812,1564.09997559,0.86,1.13
2020-03-06,95.9499969482,41.2799987793,2972.37011719,41.9399986267,9122.54589844,1670.80004883,0.49,0.74
2020-03-13,98.75,31.7299995422,2711.02001953,57.8300018311,5563.70703125,1515.69995117,0.49,0.94
2020-03-20,102.819999695,22.4300003052,2304.91992188,66.0400009155,6198.77832031,1484,0.37,0.92
2020-03-27,98.3700027466,21.5100002289,2541.4699707,65.5400009155,6469.79833984,1623.90002441,0.25,0.72
2020-04-03,100.580001831,28.3400001526,2488.64990234,46.7999992371,6733.38720703,1633.69995117,0.23,0.62
2020-04-10,99.5199966431,22.7600002289,2789.82006836,41.6699981689,6865.49316406,1736.19995117,0.23,0.73
2020-04-17,99.7799987793,18.2700004578,2874.56005859,38.1500015259,7096.18457031,1689.19995117,0.2,0.65
2020-04-24,100.379997253,16.9400005341,2836.73999023,35.9300003052,7550.90087891,1723.5,0.22,0.6
2020-05-01,98.8000030518,19.7800006866,2830.70996094,37.1899986267,8864.76660156,1694.5,0.2,0.64
2020-05-08,99.7300033569,24.7399997711,2929.80004883,27.9799995422,9842.66601562,1709.90002441,0.16,0.69
2020-05-15,100.400001526,29.4300003052,2863.69995117,31.8899993896,9328.19726562,1753.40002441,0.16,0.64
2020-05-22,99.8600006104,33.25,2955.44995117,28.1599998474,9182.57714844,1734.59997559,0.17,0.66
2020-05-29,98.3399963379,35.4900016785,3044.31005859,27.5100002289,9439.12402344,1736.90002441,0.16,0.65
2020-06-05,96.9400024414,39.5499992371,3193.92993164,24.5200004578,9665.53320312,1676.19995117,0.22,0.91
2020-06-12,97.3199996948,36.2599983215,3041.31005859,36.0900001526,9480.84375,1729.30004883,0.19,0.71
2020-06-19,97.6200027466,39.75,3097.73999023,35.1199989319,9288.01855469,1745.90002441,0.19,0.7
2020-06-26,97.5,38.4900016785,3009.05004883,34.7299995422,9162.91796875,1772.5,0.17,0.64
2020-07-03,97.3199996948,40.6500015259,3130.01000977,27.6800003052,9087.30371094,1784,0.16,0.68
2020-07-10,96.6500015259,40.5499992371,3185.04003906,27.2900009155,9278.80761719,1798.19995117,0.16,0.65
2020-07-17,95.9400024414,40.5900001526,3224.72998047,25.6800003052,9151.39257812,1808.30004883,0.14,0.64
2020-07-24,94.4400024414,41.2900009155,3215.62988281,25.8400001526,9536.89257812,1897.30004883,0.14,0.59
2020-07-31,93.4899978638,40.2700004578,3271.12011719,24.4599990845,11323.4667969,1962.80004883,0.11,0.55
2020-08-07,93.4400024414,41.2200012207,3351.2800293,22.2099990845,11601.4726562,2010.09997559,0.13,0.57
2020-08-14,93.0999984741,42.0099983215,3372.85009766,22.0499992371,11768.8710938,1937,0.14,0.71
2020-08-21,93.25,42.3400001526,3397.15991211,22.5400009155,11592.4892578,1934.59997559,0.16,0.64
2020-08-28,92.3700027466,42.9700012207,3508.01000977,22.9599990845,11542.5,1964.59997559,0.14,0.74
2020-09-04,92.7200012207,39.7700004578,3426.95996094,30.75,10511.8134766,1923.90002441,0.14,0.72
2020-09-11,93.3300018311,37.3300018311,3340.9699707,26.8700008392,10400.9150391,1937.80004883,0.13,0.67
2020-09-18,92.9300003052,41.1100006104,3319.4699707,25.8299999237,10944.5859375,1952.09997559,0.14,0.7
2020-09-25,94.5800018311,40.25,3298.45996094,26.3799991608,10692.7167969,1857.69995117,0.12,0.66
2020-10-02,93.8399963379,37.0499992371,3348.41992188,27.6299991608,10575.9746094,1900.19995117,0.13,0.7
2020-10-09,93.0599975586,40.5999984741,3477.13989258,25,11064.4580078,1919.5,0.16,0.79
2020-10-16,93.6800003052,40.8800010681,3483.81005859,27.4099998474,11322.1230469,1900.80004883,0.14,0.76
2020-10-23,92.7699966431,39.8499984741,3465.38989258,27.5499992371,12931.5390625,1902,0.18,0.85
2020-10-30,94.0400009155,35.7900009155,3269.95996094,38.0200004578,13546.5224609,1877.40002441,0.14,0.88
2020-11-06,92.2300033569,37.1399993896,3509.43994141,24.8600006104,15565.8808594,1950.30004883,0.16,0.83
2020-11-13,92.7600021362,40.1300010681,3585.14990234,23.1000003815,16317.8085938,1885.69995117,0.17,0.89
2020-11-20,92.3899993896,42.1500015259,3557.54003906,23.7000007629,18621.3144531,1872.59997559,0.16,0.83
2020-11-27,91.7900009155,45.5299987793,3638.35009766,20.8400001526,17108.4023438,1781.90002441,0.16,0.84
2020-12-04,90.6999969482,46.2599983215,3699.12011719,20.7900009155,18699.765625,1835.90002441,0.16,0.97
2020-12-11,90.9800033569,46.5699996948,3663.45996094,23.3099994659,18058.9042969,1839.80004883,0.11,0.9
2020-12-18,90.0199966431,49.0999984741,3709.40991211,21.5699996948,23137.9609375,1885.69995117,0.13,0.95
2020-12-25,90.3300018311,48.2299995422,3703.06005859,21.5300006866,24664.7910156,1879.90002441,0.13,0.94
2021-01-01,89.9400024414,48.5200004578,3756.07006836,22.75,29374.1523438,1893.09997559,0.13,0.93
2021-01-08,90.0999984741,52.2400016785,3824.67993164,21.5599994659,40797.609375,1834.09997559,0.14,1.13
2021-01-15,90.7799987793,52.3600006104,3768.25,24.3400001526,36825.3671875,1829.30004883,0.13,1.11
2021-01-22,90.2399978638,52.2700004578,3841.4699707,21.9099998474,33005.7617188,1855.69995117,0.13,1.1
2021-01-29,90.5800018311,52.2000007629,3714.23999023,33.0900001526,34316.3867188,1847.30004883,0.11,1.11
2021-02-05,91.0400009155,56.8499984741,3886.83007812,20.8700008392,38144.3085938,1810.90002441,0.09,1.19
2021-02-12,90.4800033569,59.4700012207,3934.83007812,19.9699993134,47504.8515625,1821.59997559,0.11,1.2
2021-02-19,90.3600006104,59.2400016785,3906.70996094,22.0499992371,55888.1328125,1775.80004883,0.11,1.34
2021-02-26,90.9300003052,61.5,3811.14990234,27.9500007629,46339.7617188,1728.09997559,0.14,1.44
2021-03-05,91.9800033569,66.0899963379,3841.93994141,24.6599998474,48927.3046875,1698,0.14,1.56
2021-03-12,91.6800003052,65.6100006104,3943.34008789,20.6900005341,57332.0898438,1719.5,0.14,1.64
2021-03-19,91.9199981689,61.4199981689,3913.10009766,20.9500007629,58346.6523438,1741.40002441,0.16,1.74
2021-03-26,92.7699966431,60.9700012207,3974.54003906,18.8600006104,55137.3125,1732.19995117,0.14,1.67
2021-04-02,92.9300003052,61.4500007629,4019.87011719,17.3299999237,59384.3125,1726.5,0.19,1.72
2021-04-09,92.1600036621,59.3199996948,4128.79980469,16.6900005341,58245.0039062,1743.30004883,0.16,1.67
2021-04-16,91.5599975586,63.1300010681,4185.47021484,16.25,61572.7890625,1779,0.16,1.59
2021-04-23,90.8600006104,62.1399993896,4180.16992188,17.3299999237,51093.6523438,1777,0.16,1.58
2021-04-30,91.2799987793,63.5800018311,4181.16992188,18.6100006104,57750.1757812,1767.30004883,0.16,1.65
2021-05-07,90.2300033569,64.9000015259,4232.60009766,16.6900005341,57356.4023438,1831.09997559,0.14,1.6
2021-05-14,90.3199996948,65.3700027466,4173.85009766,18.8099994659,49880.5351562,1837.90002441,0.16,1.63
2021-05-21,90.0199966431,63.5800018311,4155.85986328,20.1499996185,37304.6914062,1876.69995117,0.17,1.63
2021-05-28,90.0299987793,66.3199996948,4204.10986328,16.7600002289,35697.6054688,1902.5,0.14,1.58
2021-06-04,90.1399993896,69.6200027466,4229.89013672,16.4200000763,36894.40625,1889.80004883,0.14,1.56
2021-06-11,90.5599975586,70.9100036621,4247.43994141,15.6499996185,37334.3984375,1877.40002441,0.16,1.47
2021-06-18,92.2300033569,71.6399993896,4166.45019531,20.7000007629,35787.2460938,1767.90002441,0.26,1.45
2021-06-25,91.8099975586,74.0500030518,4280.70019531,15.6199998856,31637.7792969,1776.59997559,0.28,1.54
2021-07-02,92.2300033569,75.1600036621,4352.33984375,15.0699996948,33897.046875,1782.59997559,0.24,1.44
2021-07-09,92.1299972534,74.5599975586,4369.54980469,16.1800003052,33798.0117188,1810,0.23,1.37
2021-07-16,92.6900024414,71.8099975586,4327.16015625,18.4500007629,31421.5390625,1814.5,0.25,1.31
2021-07-23,92.9100036621,72.0699996948,4411.79003906,17.2000007629,33581.5507812,1801.40002441,0.22,1.3
2021-07-30,92.1699981689,73.9499969482,4395.25976562,18.2399997711,42235.546875,1812.59997559,0.19,1.24
2021-08-06,92.8000030518,68.2799987793,4436.52001953,16.1499996185,42816.5,1760,0.21,1.31
2021-08-13,92.5199966431,68.4400024414,4468,15.4499998093,47793.3203125,1775.19995117,0.23,1.29
2021-08-20,93.5,62.3199996948,4441.66992188,18.5599994659,49339.1757812,1781,0.23,1.26
2021-08-27,92.6900024414,68.7399978638,4509.37011719,16.3899993896,49058.6679688,1816.59997559,0.22,1.31
2021-09-03,92.0400009155,69.2900009155,4535.43017578,16.4099998474,50025.375,1830.90002441,0.21,1.33
2021-09-10,92.5800018311,69.7200012207,4458.58007812,20.9500007629,44883.9101562,1789.59997559,0.23,1.35
2021-09-17,93.1999969482,71.9700012207,4432.99023438,20.8099994659,47267.5195312,1749.40002441,0.23,1.37
2021-09-24,93.3300018311,73.9800033569,4455.47998047,17.75,42839.75,1749.69995117,0.29,1.47
2021-10-01,94.0400009155,75.8799972534,4357.04003906,21.1000003815,48116.9414062,1757,0.27,1.48
2021-10-08,94.0699996948,79.3499984741,4391.33984375,18.7700004578,53967.8476562,1756.30004883,0.32,1.61
2021-10-15,93.9400024414,82.2799987793,4471.37011719,16.2999992371,61593.9492188,1767.19995117,0.41,1.59
2021-10-22,93.6100006104,83.7600021362,4544.89990234,15.4300003052,60692.265625,1795.5,0.48,1.66
2021-10-29,94.1200027466,83.5699996948,4605.37988281,16.2600002289,62227.9648438,1783,0.48,1.55
2021-11-05,94.3199996948,81.2699966431,4697.52978516,16.4799995422,61125.6757812,1816.40002441,0.39,1.45
2021-11-12,95.1299972534,80.7900009155,4682.85009766,16.2900009155,64155.9414062,1867.90002441,0.53,1.58
2021-11-19,96.0699996948,76.0999984741,4697.95996094,17.9099998474,58119.578125,1851.19995117,0.52,1.54
2021-11-26,96.0899963379,68.1500015259,4594.62011719,28.6200008392,53569.765625,1785.30004883,0.5,1.48
2021-12-03,96.1200027466,66.2600021362,4538.43017578,30.6700000763,53598.2460938,1782,0.6,1.35
2021-12-10,96.0500030518,71.6699981689,4712.02001953,18.6900005341,47243.3046875,1782.90002441,0.67,1.48
2021-12-17,96.5699996948,70.8600006104,4620.64013672,21.5699996948,46202.1445312,1803.80004883,0.66,1.41
2021-12-24,96.0199966431,73.7900009155,4725.79003906,17.9599990845,50822.1953125,1811.19995117,0.71,1.5
2021-12-31,95.6699981689,75.2099990845,4766.18017578,17.2199993134,46306.4453125,1827.5,0.73,1.52
2022-01-07,95.7399978638,78.9000015259,4677.02978516,18.7600002289,41557.9023438,1797,0.87,1.76
2022-01-14,95.1699981689,83.8199996948,4662.85009766,19.1900005341,43099.6992188,1816.5,0.99,1.78
2022-01-21,95.6399993896,85.1399993896,4397.93994141,28.8500003815,36457.3164062,1831.80004883,1.01,1.75
2022-01-28,97.2699966431,86.8199996948,4431.85009766,27.6599998474,37784.3320312,1784.90002441,1.15,1.78
2022-02-04,95.4800033569,92.3099975586,4500.52978516,23.2199993134,41500.875,1806.59997559,1.31,1.93
2022-02-11,96.0800018311,93.0999984741,4418.64013672,27.3600006104,42407.9375,1840.80004883,1.5,1.92
2022-02-18,96.0400009155,91.0699996948,4348.87011719,27.75,40030.9765625,1898.59997559,1.47,1.92
2022-02-25,96.6200027466,91.5899963379,4384.64990234,27.5900001526,39214.21875,1886.5,1.55,1.97
2022-03-04,98.6500015259,115.680000305,4328.87011719,31.9799995422,39137.6054688,1965.09997559,1.5,1.74
2022-03-11,99.1200027466,109.330001831,4204.31005859,30.75,38794.9726562,1982.69995117,1.75,2
2022-03-18,98.2300033569,104.699996948,4463.12011719,23.8700008392,41801.15625,1928.19995117,1.97,2.14
2022-03-25,98.8099975586,113.900001526,4543.06005859,20.8099994659,44348.7304688,1953.80004883,2.3,2.48
2022-04-01,98.6299972534,99.2699966431,4545.85986328,19.6299991608,46281.6445312,1919.09997559,2.44,2.39
2022-04-08,99.8000030518,98.2600021362,4488.27978516,21.1599998474,42287.6640625,1941.59997559,2.53,2.72
2022-04-15,100.319999695,106.949996948,4392.58984375,22.7000007629,40553.4648438,1970.90002441,2.47,2.83
2022-04-22,101.220001221,102.069999695,4271.77978516,28.2099990845,39740.3203125,1931,2.72,2.9
2022-04-29,102.959999084,104.690002441,4131.93017578,33.4000015259,38609.8242188,1909.30004883,2.7,2.89
2022-05-06,103.660003662,109.769996643,4123.33984375,30.1900005341,36040.921875,1881.19995117,2.72,3.12
2022-05-13,104.559997559,110.489997864,4023.88989258,28.8700008392,29283.1035156,1807.40002441,2.61,2.93
2022-05-20,103.150001526,113.230003357,3901.36010742,29.4300003052,29200.7402344,1841.80004883,2.6,2.78
2022-05-27,101.669998169,115.069999695,4158.24023438,25.7199993134,28627.5742188,1851.30004883,2.47,2.74
2022-06-03,102.13999939,118.870002747,4108.54003906,24.7900009155,29704.390625,1845.40002441,2.66,2.96
2022-06-10,104.150001526,120.669998169,3900.86010742,27.75,29083.8046875,1871.5,3.06,3.15
2022-06-17,104.699996948,109.559997559,3674.84008789,31.1299991608,20471.4824219,1835.59997559,3.17,3.25
2022-06-24,104.190002441,107.620002747,3911.73999023,27.2299995422,21231.65625,1826.5,3.04,3.13
2022-07-01,105.13999939,108.430000305,3825.33007812,26.7000007629,19269.3671875,1798.90002441,2.84,2.88
2022-07-08,107.010002136,104.790000916,3899.37988281,24.6399993896,21731.1171875,1740.59997559,3.12,3.09
2022-07-15,108.059997559,97.5899963379,3863.15991211,24.2299995422,20836.328125,1702.40002441,3.13,2.93
2022-07-22,106.730003357,94.6999969482,3961.62988281,23.0300006866,22714.9785156,1727.09997559,2.98,2.77
2022-07-29,105.900001526,98.6200027466,4130.29003906,21.3299999237,23804.6328125,1762.90002441,2.89,2.67
2022-08-05,106.620002747,89.0100021362,4145.18994141,21.1499996185,23289.3144531,1772.90002441,3.24,2.83
2022-08-12,105.629997253,92.0899963379,4280.14990234,19.5300006866,24402.8183594,1798.59997559,3.25,2.84
2022-08-19,108.169998169,90.7699966431,4228.47998047,20.6000003815,20877.5527344,1747.59997559,3.25,2.98
2022-08-26,108.800003052,93.0599975586,4057.65991211,25.5599994659,20260.0195312,1736.09997559,3.37,3.04
2022-09-02,109.529998779,86.8700027466,3924.26000977,25.4699993134,19969.7714844,1709.80004883,3.4,3.2
2022-09-09,109,86.7900009155,4067.36010742,22.7900009155,21381.1523438,1716.19995117,3.56,3.33
2022-09-16,109.760002136,85.1100006104,3873.33007812,26.2999992371,19772.5839844,1671.69995117,3.85,3.45
2022-09-23,113.190002441,78.7399978638,3693.22998047,29.9200000763,19297.6386719,1645.30004883,4.2,3.69
2022-09-30,112.120002747,79.4899978638,3585.62011719,31.6200008392,19431.7890625,1662.40002441,4.22,3.83
2022-10-07,112.800003052,92.6399993896,3639.65991211,31.3600006104,19546.8496094,1700.5,4.3,3.89
2022-10-14,113.309997559,85.6100006104,3583.07006836,32.0200004578,19185.65625,1641.69995117,4.48,4
2022-10-21,112.010002136,85.0500030518,3752.75,29.6900005341,19172.46875,1651,4.49,4.21
2022-10-28,110.669998169,87.9000015259,3901.06005859,25.75,20595.3515625,1639.59997559,4.41,4.02
2022-11-04,110.879997253,92.6100006104,3770.55004883,24.5499992371,21147.2304688,1672.5,4.66,4.17
2022-11-11,106.290000916,88.9599990845,3992.92993164,22.5200004578,17034.2929688,1766,4.34,3.82
2022-11-18,106.930000305,80.0800018311,3965.34008789,23.1200008392,16697.7773438,1751.90002441,4.51,3.82
2022-11-25,105.959999084,76.2799987793,4026.12011719,20.5,16521.8417969,1753.30004883,4.42,3.68
2022-12-02,104.550003052,79.9800033569,4071.69995117,19.0599994659,17088.6601562,1795.90002441,4.28,3.51
2022-12-09,104.809997559,71.0199966431,3934.37988281,22.8299999237,17133.1523438,1798.09997559,4.33,3.57
2022-12-16,104.699996948,74.2900009155,3852.36010742,22.6200008392,16647.484375,1790,4.17,3.48
2022-12-23,104.309997559,79.5599975586,3844.82006836,20.8700008392,16796.953125,1795.90002441,4.31,3.75
2022-12-30,103.519996643,80.2600021362,3839.5,21.6700000763,16602.5859375,1819.69995117,4.41,3.88
2023-01-06,103.879997253,73.7699966431,3895.08007812,21.1299991608,16951.96875,1864.19995117,4.24,3.55
2023-01-13,102.199996948,79.8600006104,3999.09008789,18.3500003815,19909.5742188,1918.40002441,4.22,3.49
2023-01-20,102.010002136,81.3099975586,3972.61010742,19.8500003815,22676.5527344,1926.40002441,4.14,3.48
2023-01-27,101.930000305,79.6800003052,4070.56005859,18.5100002289,23078.7285156,1928.59997559,4.19,3.52
2023-02-03,102.919998169,73.3899993896,4136.47998047,18.3299999237,23449.3222656,1862.90002441,4.3,3.53
2023-02-10,103.629997253,79.7200012207,4090.45996094,20.5300006866,21651.1835938,1862.80004883,4.5,3.74
2023-02-17,103.86000061,76.3399963379,4079.09008789,20.0200004578,24565.6015625,1840.40002441,4.6,3.82
2023-02-24,105.209999084,76.3199996948,3970.04003906,21.6700000763,23198.1269531,1808.80004883,4.78,3.95
2023-03-03,104.519996643,79.6800003052,4045.63989258,18.4899997711,22362.6796875,1847.69995117,4.86,3.97
2023-03-10,104.580001831,76.6800003052,3861.59008789,24.7999992371,20187.2441406,1862,4.6,3.7
2023-03-17,103.709999084,66.7399978638,3916.63989258,25.5100002289,27423.9296875,1969.80004883,3.81,3.39
2023-03-24,103.120002747,69.2600021362,3970.98999023,21.7399997711,27493.2851562,1982.09997559,3.76,3.38
2023-03-31,102.510002136,75.6699981689,4109.31005859,18.7000007629,28478.484375,1969,4.06,3.48
2023-04-07,101.819999695,80.6999969482,4105.02001953,18.3999996185,27925.859375,2011.90002441,3.97,3.39
2023-04-14,101.550003052,82.5199966431,4137.64013672,17.0699996948,30485.6992188,2002.19995117,4.08,3.52
2023-04-21,101.819999695,77.8700027466,4133.52001953,16.7700004578,27276.9101562,1979.5,4.17,3.57
2023-04-28,101.669998169,76.7799987793,4169.47998047,15.779999733,29340.2617188,1990.09997559,4.04,3.44
2023-05-05,101.209999084,71.3399963379,4136.25,17.1900005341,29534.3847656,2017.40002441,3.92,3.44
2023-05-12,102.680000305,70.0400009155,4124.08007812,17.0300006866,26804.9902344,2014.5,3.98,3.46
2023-05-19,103.199996948,71.5500030518,4191.97998047,16.8099994659,26890.1289062,1978.69995117,4.28,3.7
2023-05-26,104.209999084,72.6699981689,4205.45019531,17.9500007629,26719.2910156,1944.09997559,4.54,3.8
2023-06-02,104.019996643,71.7399978638,4282.37011719,14.6000003815,27249.5898438,1952.40002441,4.5,3.69
2023-06-09,103.559997559,70.1699981689,4298.85986328,13.8299999237,26480.375,1962.19995117,4.59,3.75
2023-06-16,102.300003052,71.7799987793,4409.58984375,13.5399999619,26327.4628906,1958.40002441,4.7,3.77
2023-06-23,102.900001526,69.1600036621,4348.33007812,13.4399995804,30695.46875,1919.09997559,4.71,3.74
2023-06-30,102.910003662,70.6399993896,4450.37988281,13.5900001526,30477.2519531,1921.09997559,4.87,3.81
2023-07-07,102.269996643,73.8600006104,4398.95019531,14.8299999237,30342.265625,1926.19995117,4.94,4.06
2023-07-14,99.9100036621,75.4199981689,4505.41992188,13.3400001526,30334.0683594,1960.09997559,4.74,3.83
2023-07-21,101.069999695,77.0699996948,4536.33984375,13.6000003815,29908.7441406,1964.30004883,4.82,3.84
2023-07-28,101.620002747,80.5800018311,4582.22998047,13.3299999237,29319.2460938,1960.40002441,4.87,3.96
2023-08-04,102.019996643,82.8199996948,4478.02978516,17.1000003815,29074.0917969,1939.59997559,4.78,4.05
2023-08-11,102.839996338,83.1900024414,4464.04980469,14.8400001526,29397.7148438,1912.90002441,4.89,4.16
2023-08-18,103.379997253,81.25,4369.70996094,17.2999992371,26049.5566406,1886.09997559,4.92,4.26
2023-08-25,104.080001831,79.8300018311,4405.70996094,15.6800003052,26047.6679688,1911.09997559,5.03,4.25
2023-09-01,104.239997864,85.5500030518,4515.77001953,13.0900001526,25800.7246094,1939.80004883,4.87,4.18
2023-09-08,105.089996338,87.5100021362,4457.49023438,13.8400001526,25905.6542969,1918.40002441,4.98,4.26
2023-09-15,105.319999695,90.7699966431,4450.31982422,13.7899999619,26608.6933594,1923.69995117,5.02,4.33
2023-09-22,105.580001831,90.0299987793,4320.06005859,17.2000007629,26579.5683594,1925.40002441,5.1,4.44
2023-09-29,106.169998169,90.7900009155,4288.04980469,17.5200004578,26911.7207031,1848.09997559,5.03,4.59
2023-10-06,106.040000916,82.7900009155,4308.5,17.4500007629,27946.5976562,1830.19995117,5.08,4.78
2023-10-13,106.650001526,87.6900024414,4327.77978516,19.3199996948,26862.375,1927.40002441,5.04,4.63
2023-10-20,106.160003662,88.75,4224.16015625,21.7099990845,29682.9492188,1982.5,5.07,4.93
2023-10-27,106.559997559,85.5400009155,4117.37011719,21.2700004578,33909.8007812,1988.59997559,4.99,4.84
2023-11-03,105.019996643,80.5100021362,4358.33984375,14.9099998474,34732.3242188,1991.5,4.83,4.57
2023-11-10,105.86000061,77.1699981689,4415.24023438,14.1700000763,37313.96875,1932.59997559,5.04,4.61
2023-11-17,103.819999695,75.8899993896,4514.02001953,13.8000001907,36596.6835938,1981.59997559,4.88,4.44
2023-11-24,103.400001526,75.5400009155,4559.33984375,12.4600000381,37720.28125,2002.19995117,4.92,4.47
2023-12-01,103.269996643,74.0699996948,4594.62988281,12.6300001144,38688.75,2071,4.56,4.22
2023-12-08,104.010002136,71.2300033569,4604.37011719,12.3500003815,44166.6015625,1998.30004883,4.71,4.23
2023-12-15,102.550003052,71.4300003052,4719.18994141,12.279999733,41929.7578125,2021.09997559,4.44,3.91
2023-12-22,101.699996948,73.5599975586,4754.62988281,13.029999733,43997.9023438,2057.10009766,4.31,3.9
2023-12-29,101.330001831,71.6500015259,4769.83007812,12.4499998093,42099.4023438,2062.39990234,4.23,3.88
2024-01-05,102.410003662,73.8099975586,4697.24023438,13.3500003815,44162.6914062,2042.40002441,4.4,4.05
2024-01-12,102.400001526,72.6800003052,4783.83007812,12.6999998093,42853.1679688,2046.69995117,4.14,3.96
2024-01-19,103.290000916,73.4100036621,4839.81005859,13.3000001907,41618.40625,2026.5,4.39,4.15
2024-01-26,103.470001221,78.0100021362,4890.97021484,13.2600002289,41816.8710938,2016.80004883,4.34,4.15
2024-02-02,103.919998169,72.2799987793,4958.60986328,13.8500003815,43185.859375,2036.09997559,4.36,4.03
2024-02-09,104.080001831,76.8399963379,5026.60986328,12.9300003052,47147.1992188,2023.30004883,4.48,4.17
2024-02-16,104.279998779,79.1900024414,5005.56982422,14.2399997711,52160.203125,2011.5,4.64,4.3
2024-02-23,103.940002441,76.4899978638,5088.79980469,13.75,50731.9492188,2038.59997559,4.67,4.26
2024-03-01,103.86000061,79.9700012207,5137.08007812,13.1099996567,62440.6328125,2086.89990234,4.54,4.19
2024-03-08,102.739997864,78.0100021362,5123.68994141,14.7399997711,68300.09375,2178.60009766,4.48,4.09
2024-03-15,103.430000305,81.0400009155,5117.08984375,14.4099998474,69403.7734375,2157.30004883,4.72,4.31
2024-03-22,104.430000305,80.6299972534,5234.18017578,13.0600004196,63778.7617188,2158.10009766,4.59,4.22
2024-03-29,104.550003052,83.1699981689,5254.35009766,13.0100002289,69892.828125,2217.39990234,4.59,4.2
2024-04-05,104.300003052,86.9100036621,5204.33984375,16.0300006866,67837.640625,2325.69995117,4.73,4.39
2024-04-12,106.040000916,85.6600036621,5123.41015625,17.3099994659,67195.8671875,2356.19995117,4.88,4.5
2024-04-19,106.150001526,83.1399993896,4967.22998047,18.7099990845,63843.5703125,2398.39990234,4.97,4.62
2024-04-26,105.940002441,83.8499984741,5099.95996094,15.029999733,63755.3203125,2334.80004883,4.96,4.67
2024-05-03,105.029998779,78.1100006104,5127.79003906,13.4899997711,62889.8359375,2299,4.81,4.5
2024-05-10,105.309997559,78.2600021362,5222.68017578,12.5500001907,60792.7773438,2367.30004883,4.87,4.5
2024-05-17,104.449996948,80.0599975586,5303.27001953,11.9899997711,67051.875,2412.19995117,4.83,4.42
2024-05-24,104.720001221,77.7200012207,5304.72021484,11.9300003052,68526.1015625,2332.5,4.93,4.46
2024-05-31,104.669998169,76.9899978638,5277.50976562,12.9200000763,67491.4140625,2322.89990234,4.89,4.51
2024-06-07,104.88999939,75.5299987793,5346.99023438,12.220000267,69342.5859375,2305.19995117,4.87,4.43
2024-06-14,105.550003052,78.4499969482,5431.60009766,12.6599998474,66011.09375,2331.39990234,4.67,4.2
2024-06-21,105.800003052,80.7300033569,5464.62011719,13.1999998093,64096.1992188,2316.39990234,4.7,4.25
2024-06-28,105.870002747,81.5400009155,5460.47998047,12.4399995804,60320.1367188,2327.69995117,4.71,4.36
2024-07-05,104.879997253,83.1600036621,5567.18994141,12.4799995422,56662.375,2388.5,4.6,4.28
2024-07-12,104.089996338,82.2099990845,5615.35009766,12.4600000381,57899.4648438,2414,4.45,4.18
2024-07-19,104.400001526,80.1299972534,5505,16.5200004578,66710.15625,2395.5,4.49,4.25
2024-07-26,104.319999695,77.1600036621,5459.10009766,16.3899993896,67912.0625,2380,4.36,4.2
2024-08-02,103.209999084,73.5199966431,5346.56005859,23.3899993896,61415.0664062,2425.69995117,3.88,3.8
2024-08-09,103.13999939,76.8399963379,5344.16015625,20.3700008392,60880.1132812,2432.10009766,4.05,3.94
2024-08-16,102.459999084,76.6500015259,5554.25,14.8000001907,58894.1054688,2498.60009766,4.06,3.89
2024-08-23,100.720001221,74.8300018311,5634.60986328,15.8599996567,64094.3554688,2508.39990234,3.9,3.81
2024-08-30,101.699996948,73.5500030518,5648.39990234,15,59119.4765625,2493.80004883,3.91,3.91
2024-09-06,101.180000305,67.6699981689,5408.41992188,22.3799991608,53948.7539062,2493.5,3.66,3.72
2024-09-13,101.11000061,68.6500015259,5626.02001953,16.5599994659,60571.3007812,2581.30004883,3.57,3.66
2024-09-20,100.720001221,71.9199981689,5702.54980469,16.1499996185,63192.9765625,2619.89990234,3.55,3.73
2024-09-27,100.419998169,68.1800003052,5738.16992188,16.9599990845,65790.6640625,2644.30004883,3.55,3.75
2024-10-04,102.519996643,74.3799972534,5751.06982422,19.2099990845,62067.4765625,2645.80004883,3.93,3.98
2024-10-11,102.88999939,75.5599975586,5815.02978516,20.4599990845,62445.0898438,2657.60009766,3.95,4.08
2024-10-18,103.489997864,69.2200012207,5864.66992188,18.0300006866,68418.7890625,2713.69995117,3.95,4.08
2024-10-25,104.260002136,71.7799987793,5808.12011719,20.3299999237,66642.4140625,2740.89990234,4.11,4.25
2024-11-01,104.279998779,69.4899978638,5728.79980469,21.8799991608,69482.46875,2738.60009766,4.21,4.37
2024-11-08,105,70.3799972534,5995.54003906,14.9399995804,76545.4765625,2687.5,4.26,4.3
2024-11-15,106.690002441,67.0199966431,5870.62011719,16.1399993896,91066.0078125,2565.69995117,4.31,4.43
2024-11-22,107.489997864,71.2399978638,5969.33984375,15.2399997711,98997.6640625,2709.89990234,4.37,4.41
2024-11-29,105.739997864,68,6032.37988281,13.5100002289,97461.5234375,2657,4.13,4.18
2024-12-06,105.970001221,67.1999969482,6090.27001953,12.7700004578,99920.7109375,2638.60009766,4.1,4.15
2024-12-13,107,71.2900009155,6051.08984375,13.8100004196,101459.257812,2656,4.25,4.4
2024-12-20,107.620002747,69.4599990845,5930.85009766,18.3600006104,97755.9296875,2628.69995117,4.3,4.52
2024-12-27,108,70.5999984741,5970.83984375,15.9499998093,94164.859375,2617.19995117,4.31,4.62
2025-01-03,108.949996948,73.9599990845,5942.47021484,16.1299991608,98107.4296875,2645,4.28,4.6
2025-01-10,109.650001526,76.5699996948,5827.04003906,19.5400009155,94701.453125,2708.5,4.4,4.77
2025-01-17,109.349998474,77.8799972534,5996.66015625,15.970000267,104462.039062,2744.30004883,4.27,4.61
2025-01-24,107.440002441,74.6600036621,6101.24023438,14.8500003815,104819.484375,2777.30004883,4.27,4.63
2025-01-31,108.370002747,72.5299987793,6040.52978516,16.4300003052,102405.023438,2812.5,4.22,4.58
2025-02-07,108.040000916,71,6025.99023438,16.5400009155,96529.0859375,2867.30004883,4.29,4.49
2025-02-14,106.569999695,70.7399978638,6114.62988281,14.7700004578,97508.96875,2883.60009766,4.26,4.47
2025-02-21,106.61000061,70.4000015259,6013.12988281,18.2099990845,96125.546875,2937.60009766,4.19,4.42
2025-02-28,107.61000061,69.7600021362,5954.5,19.6299991608,84373.0078125,2836.80004883,3.99,4.24
2025-03-07,103.839996338,67.0400009155,5770.20019531,23.3700008392,86742.671875,2904.69995117,3.99,4.32
2025-03-14,103.720001221,67.1800003052,5638.93994141,21.7700004578,83969.1015625,2994.5,4.02,4.31
2025-03-21,104.089996338,68.2799987793,5667.56005859,19.2800006866,84043.2421875,3018.19995117,3.94,4.25
2025-03-28,104.040000916,69.3600006104,5580.93994141,21.6499996185,84353.1484375,3086.5,3.89,4.27
2025-04-04,103.019996643,61.9900016785,5074.08007812,45.3100013733,83843.8046875,3012,3.68,4.01
2025-04-11,99.7799987793,61.5,5363.35986328,37.5600013733,83404.8359375,3222.19995117,3.96,4.48
2025-04-18,99.3799972534,64.6800003052,5282.70019531,29.6499996185,84450.8046875,3308.69995117,3.81,4.34
2025-04-25,99.4700012207,63.0200004578,5525.20996094,24.8400001526,94720.5,3282.39990234,3.74,4.29
2025-05-02,100,58.2900009155,5686.66992188,22.6800003052,96910.0703125,3231.89990234,3.83,4.33
2025-05-09,100.339996338,61.0200004578,5659.91015625,21.8999996185,102970.851562,3335.39990234,3.88,4.37
2025-05-16,101.089996338,62.4900016785,5958.37988281,17.2399997711,103489.289062,3182,3.98,4.43
2025-05-23,99.1100006104,61.5299987793,5802.81982422,22.2900009155,107287.796875,3363.60009766,4,4.51
2025-05-30,99.3300018311,60.7900009155,5911.68994141,18.5699996948,103998.570312,3288.89990234,3.89,4.41
2025-06-06,99.1900024414,64.5800018311,6000.35986328,16.7700004578,104390.34375,3322.69995117,4.04,4.51
2025-06-13,98.1800003052,72.9800033569,5976.97021484,20.8199996948,106090.96875,3431.19995117,3.96,4.41
2025-06-20,98.7099990845,74.9300003052,5967.83984375,20.6200008392,103309.601562,3368.10009766,3.9,4.38
2025-06-27,97.4000015259,65.5199966431,6173.06982422,16.3199996948,107088.429688,3273.69995117,3.73,4.29
2025-07-04,97.1800003052,66.5,6279.35009766,16.3799991608,108034.335938,3332.5,3.88,4.35
2025-07-11,97.8499984741,68.4499969482,6259.75,16.3999996185,117516.992188,3356,3.9,4.43
2025-07-18,98.4800033569,67.3399963379,6296.79003906,16.4099998474,118003.226562,3353,3.88,4.44
2025-07-25,97.6500015259,65.1600036621,6388.64013672,14.9300003052,117635.882812,3334,3.91,4.4
2025-08-01,98.6900024414,67.3300018311,6238.00976562,20.3799991608,113320.085938,3347.69995117,3.69,4.23
2025-08-08,98.1800003052,63.8800010681,6389.45019531,15.1499996185,116688.726562,3439.10009766,3.76,4.27
2025-08-15,97.8499984741,62.7999992371,6449.79980469,15.0900001526,117398.351562,3336,3.75,4.33
2025-08-22,97.7200012207,63.6599998474,6466.91015625,14.220000267,116874.085938,3374.39990234,3.68,4.26
2025-08-29,97.7699966431,64.0100021362,6460.25976562,15.3599996567,108410.835938,3473.69995117,3.59,4.23
2025-09-05,97.7699966431,61.8699989319,6481.5,15.1800003052,110650.984375,3613.19995117,3.51,4.1
2025-09-12,97.5500030518,62.6899986267,6584.29003906,14.7600002289,116101.578125,3649.39990234,3.56,4.06
2025-09-19,97.6399993896,62.6800003052,6664.35986328,15.4499998093,115688.859375,3671.5,3.57,4.14
2025-09-26,98.1500015259,65.7200012207,6643.70019531,15.2899999619,109712.828125,3775.30004883,3.63,4.2
2025-10-03,97.7200012207,60.8800010681,6715.79003906,16.6499996185,122266.53125,3880.80004883,3.58,4.13
2025-10-10,98.9800033569,58.9000015259,6552.50976562,21.6599998474,113214.367188,3975.89990234,3.52,4.05
2025-10-17,98.4300003052,57.5400009155,6664.00976562,20.7800006866,106467.789062,4189.89990234,3.46,4.02
2025-10-24,98.9499969482,61.5,6791.68994141,16.3700008392,111033.921875,4118.39990234,3.48,4.02
2025-10-31,99.8000030518,60.9799995422,6840.20019531,17.4400005341,109556.164062,3982.19995117,3.6,4.11
2025-11-07,99.5999984741,59.75,6728.79980469,19.0799999237,103372.40625,3999.39990234,3.55,4.11
2025-11-14,99.2699966431,60.0900001526,6734.10986328,19.8299999237,94397.7890625,4087.60009766,3.62,4.14
2025-11-21,100.180000305,58.0600013733,6602.99023438,23.4300003052,85090.6875,4076.69995117,3.51,4.06
2025-11-28,99.4599990845,58.5499992371,6849.08984375,16.3500003815,90919.265625,4218.29980469,3.47,4.02
2025-12-05,98.9899978638,60.0800018311,6870.39990234,15.4099998474,89387.7578125,4212.89990234,3.56,4.14
2025-12-12,98.4000015259,57.4399986267,6827.41015625,15.7399997711,90270.4140625,4300.10009766,3.52,4.19
2025-12-19,98.5999984741,56.6599998474,6834.5,14.9099998474,88103.3828125,4361.39990234,3.48,4.16
2025-12-26,98.0199966431,56.7400016785,6929.93994141,13.6000003815,87301.4296875,4529.10009766,3.46,4.14
2026-01-02,98.4199981689,57.3199996948,6858.47021484,14.5100002289,89944.6953125,4314.39990234,3.47,4.19
2026-01-09,99.1299972534,59.1199989319,6966.27978516,14.4899997711,90513.1015625,4490.29980469,3.54,4.18
2026-01-16,99.3899993896,59.4399986267,6940.00976562,15.8599996567,95525.1171875,4588.39990234,3.59,4.24
2026-01-23,97.5999984741,61.0699996948,6915.60986328,16.0900001526,89503.875,4976.20019531,3.6,4.24
2026-01-30,96.9899978638,65.2099990845,6939.02978516,17.4400005341,84128.65625,4713.89990234,3.52,4.26
2026-02-06,97.6299972534,63.5499992371,6932.29980469,20.3700008392,70555.390625,4951.20019531,3.5,4.22
2026-02-13,96.8799972534,62.8899993896,6836.16992188,20.6000003815,68857.84375,5022,3.4,4.04
2026-02-20,97.8000030518,66.3899993896,6909.50976562,19.0900001526,68005.421875,5059.29980469,3.48,4.08
2026-02-27,97.6100006104,67.0199966431,6878.87988281,19.8600006104,65881.796875,5230.5,3.38,3.97
2026-03-06,98.9899978638,90.9000015259,6740.02001953,29.4899997711,68136.4921875,5146.10009766,3.56,4.15
2026-03-13,100.36000061,98.7099990845,6632.18994141,27.1900005341,70968.265625,5052.5,3.73,4.28
2026-03-20,99.6500015259,98.3199996948,6506.47998047,26.7800006866,70522.5859375,4570.39990234,3.88,4.39
2026-03-27,100.150001526,99.6399993896,6368.85009766,31.0499992371,66338.375,4492,3.88,4.44
2026-04-03,100.029998779,111.540000916,6582.68994141,23.8700008392,66931.1015625,4651.5,3.84,4.35
2026-04-10,98.6500015259,96.5699996948,6816.89013672,19.2299995422,72979.046875,4761.89990234,3.81,4.31
2026-04-17,98.0999984741,83.8499984741,7126.06005859,17.4799995422,77126.875,4857.60009766,3.71,4.26
2026-04-24,98.5100021362,94.4000015259,7165.08007812,18.7099990845,77455.3125,4722.29980469,3.78,4.31
2026-05-01,98.2099990845,101.940002441,7230.12011719,16.9899997711,78179,4629.89990234,3.88,4.39
2026-05-08,97.8399963379,95.4199981689,7398.93017578,17.1900005341,80186.765625,4720.39990234,3.9,4.38
2026-05-15,99.2699966431,105.419998169,7408.5,18.4300003052,79065.6796875,4555.79980469,4.09,4.59
2026-05-22,99.3199996948,96.5999984741,7473.47021484,16.7000007629,75488.2421875,4521,4.13,4.56
2026-05-29,98.9100036621,87.3600006104,7580.06005859,15.3199996948,73372.5234375,4560.5,3.98,4.45
2026-06-05,100.069999695,90.5400009155,7383.74023438,21.5100002289,60922.6679688,4337.10009766,4.17,4.55
2026-06-12,99.75,84.8799972534,7431.45996094,17.6800003052,63543.1992188,4215,4.09,4.48
2026-06-19,100.849998474,76.5999984741,7500.58007812,16.3999996185,63540.8359375,4224.10009766,4.19,4.46
2026-06-26,101.36000061,69.2300033569,7354.02001953,18.4099998474,60016.4296875,4078.69995117,4.07,4.38
2026-07-03,100.86000061,68.6900024414,7483.24023438,16.1499996185,62544.1992188,4112.70019531,4.14,4.49
2026-07-10,100.970001221,71.4100036621,7575.39013672,15.029999733,64127.140625,4104.10009766,4.21,4.56
2026-07-17,100.75,82.4899978638,7457.68994141,18.7700004578,63899.4609375,4012.69995117,4.18,4.55
2026-07-24,101.470001221,89.3099975586,7411.97998047,18.5799999237,64098.4960938,4067.60009766,4.33,4.69
2026-07-31,99.8000030518,84.6699981689,7489.72021484,15.9899997711,62813.7460938,4049.10009766,4.28,4.75
2026-08-07,99.5999984741,78.1800003052,7757.64013672,14.8999996185,64880.1914062,4340.70019531,4.19,4.65
2026-08-14,99.6699981689,82.4000015259,7785.75976562,14.25,62975.59375,4380.39990234,4.17,4.68
2026-08-21,98.8000030518,87.0599975586,7674.37011719,15.1300001144,78335.1875,4624.10009766,4.19,4.69
