date,DXY,WTI,SPX,VIX,BTC,GOLD,UST_2Y,UST_10Y,score,regime
2015-01-02,-1.548774,-0.616591,-1.142169,-0.046261,-0.921317,-0.812900,-1.013066,-0.543774,0.042638,Neutral / transitional
2015-01-09,-1.366669,-0.857524,-1.150671,-0.081595,-0.922067,-0.781355,-1.056629,-0.661377,0.068168,Neutral / transitional
2015-01-16,-1.243856,-0.839162,-1.166794,0.418964,-0.924575,-0.717320,-1.118861,-0.787380,0.114590,Neutral / transitional
2015-01-23,-0.718718,-1.011654,-1.146220,-0.212624,-0.923820,-0.700812,-1.100191,-0.804181,0.118349,Neutral / transitional
2015-01-30,-0.761067,-0.864201,-1.182306,0.421908,-0.924017,-0.715638,-1.131307,-0.913384,0.162789,Neutral / transitional
2015-02-06,-0.782243,-0.672234,-1.143902,-0.119873,-0.924144,-0.762534,-1.019290,-0.686578,0.111854,Neutral / transitional
2015-02-13,-0.888118,-0.611583,-1.117537,-0.502653,-0.923743,-0.770315,-1.013066,-0.627776,0.048946,Neutral / transitional
2015-02-20,-0.877530,-0.747351,-1.109086,-0.560070,-0.923488,-0.793553,-1.006843,-0.535374,0.074208,Neutral / transitional
2015-02-27,-0.665781,-0.779624,-1.112769,-0.701404,-0.923182,-0.784930,-1.031736,-0.644577,0.069626,Neutral / transitional
2015-03-06,-0.163935,-0.787970,-1.133876,-0.427569,-0.922606,-0.835927,-0.969504,-0.442971,0.209550,Neutral / transitional
2015-03-13,0.409905,-1.053386,-1.145217,-0.309791,-0.922222,-0.848020,-1.000620,-0.535374,0.316621,Firm dollar regime
2015-03-20,-0.102527,-1.004421,-1.110483,-0.748516,-0.922940,-0.814162,-1.050406,-0.703378,0.155897,Neutral / transitional
2015-03-27,-0.233812,-0.829146,-1.140378,-0.446708,-0.923389,-0.798389,-1.062852,-0.686578,0.157669,Neutral / transitional
2015-04-03,-0.202050,-0.814123,-1.136606,-0.505598,-0.923167,-0.797233,-1.118861,-0.770580,0.134255,Neutral / transitional
2015-04-10,0.210860,-0.675016,-1.114318,-0.813294,-0.923723,-0.793342,-1.069075,-0.678177,0.144589,Neutral / transitional
2015-04-17,-0.185111,-0.446880,-1.127577,-0.620432,-0.924125,-0.795130,-1.106414,-0.753779,0.078497,Neutral / transitional
2015-04-24,-0.312160,-0.368424,-1.104393,-0.855989,-0.923869,-0.824256,-1.087745,-0.703378,0.032709,Neutral / transitional
2015-05-01,-0.655192,-0.257138,-1.110362,-0.795627,-0.923845,-0.824992,-1.050406,-0.543774,0.008917,Neutral / transitional
2015-05-08,-0.763185,-0.243784,-1.105403,-0.772071,-0.923485,-0.809640,-1.056629,-0.510173,-0.002468,Neutral / transitional
2015-05-15,-1.112571,-0.227091,-1.101193,-0.842738,-0.923676,-0.771366,-1.081522,-0.526974,-0.067560,Neutral / transitional
2015-05-22,-0.504851,-0.225422,-1.099078,-0.879544,-0.923593,-0.793658,-1.025513,-0.468172,0.020459,Neutral / transitional
2015-05-29,-0.314276,-0.193149,-1.110934,-0.627793,-0.923692,-0.809325,-1.044182,-0.543774,0.063384,Neutral / transitional
2015-06-05,-0.441327,-0.258251,-1.120179,-0.573320,-0.924062,-0.832037,-0.969504,-0.300168,0.106276,Neutral / transitional
2015-06-12,-0.725070,-0.212068,-1.119366,-0.636626,-0.923908,-0.820471,-0.963281,-0.316968,0.054233,Neutral / transitional
2015-06-19,-0.911410,-0.231543,-1.109283,-0.610126,-0.923463,-0.796602,-1.019290,-0.426171,0.011737,Neutral / transitional
2015-06-26,-0.619196,-0.230430,-1.114680,-0.601293,-0.923494,-0.826674,-0.975727,-0.232966,0.083262,Neutral / transitional
2015-07-03,-0.483676,-0.380665,-1.130371,-0.193485,-0.923105,-0.837084,-1.025513,-0.308568,0.157498,Neutral / transitional
2015-07-10,-0.500617,-0.613808,-1.130472,-0.187596,-0.922235,-0.842657,-1.019290,-0.291768,0.188738,Neutral / transitional
2015-07-17,-0.113116,-0.716748,-1.098710,-0.906044,-0.922400,-0.869890,-1.000620,-0.358969,0.153625,Neutral / transitional
2015-07-24,-0.244400,-0.869765,-1.128548,-0.642515,-0.922132,-0.918469,-0.988174,-0.417771,0.193257,Neutral / transitional
2015-07-31,-0.216872,-0.926521,-1.113188,-0.881017,-0.922243,-0.908690,-1.006843,-0.476572,0.161167,Neutral / transitional
2015-08-07,-0.176641,-1.107360,-1.129869,-0.694043,-0.922397,-0.909531,-0.969504,-0.493373,0.216950,Neutral / transitional
2015-08-14,-0.386272,-1.183591,-1.120998,-0.776488,-0.922821,-0.889763,-0.969504,-0.476572,0.188542,Neutral / transitional
2015-08-21,-0.754715,-1.297658,-1.197610,1.461303,-0.923830,-0.840659,-1.025513,-0.602576,0.417282,Firm dollar regime
2015-08-28,-0.483676,-1.032242,-1.186193,1.169801,-0.923865,-0.868523,-0.975727,-0.484972,0.404531,Firm dollar regime
2015-09-04,-0.458266,-0.986059,-1.229150,1.427441,-0.923899,-0.881667,-0.981950,-0.535374,0.434078,Firm dollar regime
2015-09-11,-0.678485,-1.065071,-1.203858,0.750215,-0.923600,-0.899647,-0.981950,-0.476572,0.338173,Firm dollar regime
2015-09-18,-0.748363,-1.062289,-1.205776,0.614770,-0.923817,-0.863266,-0.994397,-0.535374,0.298973,Neutral / transitional
2015-09-25,-0.449797,-1.005534,-1.222724,0.812049,-0.923751,-0.854959,-0.988174,-0.501773,0.359909,Firm dollar regime
2015-10-02,-0.542966,-1.014436,-1.210011,0.417491,-0.923686,-0.864318,-1.062852,-0.652977,0.271393,Neutral / transitional
2015-10-09,-0.758951,-0.786858,-1.169670,-0.150790,-0.923483,-0.844129,-1.019290,-0.543774,0.156417,Neutral / transitional
2015-10-16,-0.816122,-0.918731,-1.158101,-0.449653,-0.922906,-0.815423,-1.044182,-0.610976,0.111779,Neutral / transitional
2015-10-23,-0.280397,-1.066741,-1.131406,-0.536514,-0.922491,-0.836769,-1.013066,-0.568975,0.194807,Neutral / transitional
2015-10-30,-0.305808,-0.956012,-1.128732,-0.446708,-0.920921,-0.859691,-0.957058,-0.510173,0.205701,Neutral / transitional
2015-11-06,0.162159,-1.083990,-1.116134,-0.555653,-0.919506,-0.916366,-0.863710,-0.358969,0.302478,Firm dollar regime
2015-11-13,0.126160,-1.281522,-1.164495,0.290879,-0.920655,-0.923516,-0.888602,-0.409371,0.426157,Firm dollar regime
2015-11-20,0.248975,-1.300997,-1.122503,-0.387819,-0.921104,-0.928143,-0.845040,-0.426171,0.357836,Firm dollar regime
2015-11-27,0.344262,-1.227548,-1.121906,-0.439347,-0.920006,-0.949383,-0.851263,-0.459772,0.351590,Firm dollar regime
2015-12-04,-0.009359,-1.324367,-1.120903,-0.484986,-0.919850,-0.919626,-0.826370,-0.409371,0.319332,Firm dollar regime
2015-12-11,-0.174523,-1.566413,-1.171270,0.925411,-0.917145,-0.927617,-0.876156,-0.535374,0.490225,Firm dollar regime
2015-12-18,0.064753,-1.615935,-1.175601,0.382158,-0.916789,-0.938868,-0.820147,-0.484972,0.473623,Firm dollar regime
2015-12-25,-0.087705,-1.428419,-1.140397,-0.348069,-0.917032,-0.927302,-0.782808,-0.434571,0.345000,Firm dollar regime
2016-01-01,0.049931,-1.487400,-1.151224,0.015572,-0.917682,-0.945071,-0.764138,-0.417771,0.423121,Firm dollar regime
2016-01-08,0.030874,-1.703294,-1.228635,1.311135,-0.917106,-0.905641,-0.838817,-0.535374,0.590312,Firm dollar regime
2016-01-15,0.119808,-1.911398,-1.255114,1.312608,-0.919815,-0.912265,-0.894826,-0.619376,0.614601,Firm dollar regime
2016-01-22,0.248975,-1.757268,-1.238243,0.623604,-0.919261,-0.906272,-0.876156,-0.585775,0.528961,Firm dollar regime
2016-01-29,0.257445,-1.677698,-1.217072,0.308546,-0.919353,-0.886083,-0.950834,-0.694978,0.452548,Firm dollar regime
2016-02-05,-0.288868,-1.829603,-1.255292,0.776715,-0.919138,-0.842552,-0.963281,-0.762180,0.451122,Firm dollar regime
2016-02-12,-0.511203,-1.910285,-1.264988,1.074106,-0.919207,-0.757066,-0.981950,-0.862982,0.446190,Firm dollar regime
2016-02-19,-0.379920,-1.899157,-1.231334,0.357130,-0.918094,-0.766214,-0.950834,-0.846182,0.374374,Firm dollar regime
2016-02-26,-0.051708,-1.724438,-1.212113,0.251129,-0.917748,-0.777360,-0.925942,-0.846182,0.382370,Firm dollar regime
2016-03-04,-0.223226,-1.549720,-1.179132,-0.183179,-0.918394,-0.724680,-0.876156,-0.745379,0.292998,Neutral / transitional
2016-03-11,-0.470972,-1.406162,-1.165035,-0.236179,-0.918067,-0.736457,-0.820147,-0.661377,0.254631,Neutral / transitional
2016-03-18,-0.720836,-1.353858,-1.147642,-0.601293,-0.918437,-0.741609,-0.901049,-0.745379,0.149124,Neutral / transitional
2016-03-25,-0.477324,-1.352745,-1.156304,-0.495292,-0.918204,-0.775677,-0.869933,-0.720179,0.205025,Neutral / transitional
2016-04-01,-0.799182,-1.501311,-1.132911,-0.736738,-0.918181,-0.774836,-0.950834,-0.820981,0.127438,Neutral / transitional
2016-04-08,-0.879648,-1.338277,-1.148900,-0.404014,-0.918108,-0.753491,-0.988174,-0.879783,0.125895,Neutral / transitional
2016-04-15,-0.782243,-1.302666,-1.127862,-0.660182,-0.917822,-0.763375,-0.963281,-0.846182,0.107480,Neutral / transitional
2016-04-22,-0.693307,-1.115150,-1.120973,-0.719071,-0.917334,-0.768002,-0.901049,-0.736979,0.108882,Neutral / transitional
2016-04-29,-1.125276,-0.993292,-1.137660,-0.353958,-0.917049,-0.704387,-0.944611,-0.787380,0.067645,Neutral / transitional
2016-05-06,-0.953759,-1.063402,-1.142842,-0.498236,-0.916912,-0.700496,-0.963281,-0.820981,0.073424,Neutral / transitional
2016-05-13,-0.801300,-0.977156,-1.149528,-0.451125,-0.917031,-0.722577,-0.950834,-0.888183,0.084356,Neutral / transitional
2016-05-20,-0.653076,-0.891466,-1.145902,-0.427569,-0.917427,-0.743081,-0.869933,-0.770580,0.122090,Neutral / transitional
2016-05-27,-0.608609,-0.803550,-1.116223,-0.733793,-0.916489,-0.783669,-0.863710,-0.770580,0.080405,Neutral / transitional
2016-06-03,-0.924115,-0.843057,-1.116179,-0.682265,-0.913572,-0.756015,-0.938388,-0.888183,0.024484,Neutral / transitional
2016-06-10,-0.803418,-0.818018,-1.118122,-0.158151,-0.913320,-0.721000,-0.969504,-0.946984,0.086550,Neutral / transitional
2016-06-17,-0.886000,-0.878668,-1.133901,0.192240,-0.908096,-0.700917,-0.988174,-0.963785,0.121983,Neutral / transitional
2016-06-24,-0.623431,-0.897587,-1.155370,1.127107,-0.910644,-0.672001,-1.025513,-1.005786,0.263497,Neutral / transitional
2016-07-01,-0.581081,-0.822469,-1.113753,-0.490875,-0.910309,-0.654441,-1.056629,-1.098188,0.034275,Neutral / transitional
2016-07-08,-0.443443,-1.021670,-1.096640,-0.722016,-0.910607,-0.633517,-1.044182,-1.173790,0.034875,Neutral / transitional
2016-07-15,-0.384154,-0.991623,-1.076422,-0.800044,-0.910706,-0.665166,-0.981950,-0.980585,0.062148,Neutral / transitional
2016-07-22,-0.195698,-1.089554,-1.067983,-0.895739,-0.911091,-0.668741,-0.981950,-1.005786,0.082275,Neutral / transitional
2016-07-29,-0.606491,-1.233669,-1.068891,-0.917822,-0.910897,-0.641508,-1.006843,-1.098188,0.028202,Neutral / transitional
2016-08-05,-0.466736,-1.222541,-1.063004,-0.988489,-0.913394,-0.654756,-0.975727,-0.988985,0.054220,Neutral / transitional
2016-08-12,-0.566258,-1.072861,-1.062255,-0.964934,-0.913013,-0.655387,-0.981950,-1.056187,0.016773,Neutral / transitional
2016-08-19,-0.822474,-0.848621,-1.062369,-0.995851,-0.913376,-0.650551,-0.950834,-0.997386,-0.036453,Neutral / transitional
2016-08-26,-0.598021,-0.897587,-1.071786,-0.655765,-0.913254,-0.670424,-0.901049,-0.963785,0.054304,Neutral / transitional
2016-09-02,-0.532379,-1.075644,-1.064840,-0.901628,-0.913379,-0.669793,-0.925942,-0.980585,0.047890,Neutral / transitional
2016-09-09,-0.646724,-0.995518,-1.097967,-0.088956,-0.911937,-0.661381,-0.932165,-0.921784,0.134647,Neutral / transitional
2016-09-16,-0.483676,-1.154100,-1.090760,-0.402541,-0.912421,-0.686932,-0.944611,-0.896583,0.139600,Neutral / transitional
2016-09-23,-0.617078,-1.073418,-1.074549,-0.855989,-0.912547,-0.653915,-0.944611,-0.963785,0.041621,Neutral / transitional
2016-09-30,-0.621313,-0.864201,-1.072275,-0.708765,-0.912337,-0.679046,-0.944611,-0.980585,0.034073,Neutral / transitional
2016-10-07,-0.396860,-0.776842,-1.081502,-0.680793,-0.912112,-0.746761,-0.907272,-0.871382,0.082614,Neutral / transitional
2016-10-14,-0.079237,-0.746795,-1.094684,-0.292124,-0.911403,-0.742345,-0.901049,-0.812581,0.176280,Neutral / transitional
2016-10-21,0.064753,-0.718973,-1.089490,-0.701404,-0.911633,-0.728886,-0.901049,-0.862982,0.131038,Neutral / transitional
2016-10-28,-0.009359,-0.838605,-1.098856,-0.281818,-0.909902,-0.718792,-0.888602,-0.762180,0.203024,Neutral / transitional
2016-11-04,-0.280397,-1.096231,-1.125037,0.648631,-0.909488,-0.689561,-0.925942,-0.820981,0.305203,Firm dollar regime
2016-11-11,0.083811,-1.063402,-1.074701,-0.579209,-0.909086,-0.729307,-0.851263,-0.518573,0.238908,Neutral / transitional
2016-11-18,0.596243,-1.006090,-1.063620,-0.773544,-0.908015,-0.789241,-0.757915,-0.358969,0.309098,Firm dollar regime
2016-11-25,0.655533,-0.985502,-1.043650,-0.848627,-0.908317,-0.821102,-0.726799,-0.342169,0.312064,Firm dollar regime
2016-12-02,0.503073,-0.672790,-1.057239,-0.586570,-0.907211,-0.824361,-0.733022,-0.308568,0.292064,Neutral / transitional
2016-12-09,0.672473,-0.682806,-1.014326,-0.935489,-0.907368,-0.840869,-0.708130,-0.249766,0.278057,Neutral / transitional
2016-12-16,0.964686,-0.660548,-1.015253,-0.869239,-0.906999,-0.866210,-0.627228,-0.140564,0.347083,Firm dollar regime
2016-12-23,0.977392,-0.598229,-1.011621,-0.981128,-0.902822,-0.869785,-0.664567,-0.182565,0.316449,Firm dollar regime
2016-12-30,0.846107,-0.559279,-1.027470,-0.598348,-0.901626,-0.850753,-0.677014,-0.266567,0.330413,Firm dollar regime
2017-01-06,0.810110,-0.544255,-1.003246,-0.998795,-0.903425,-0.827726,-0.664567,-0.291768,0.266704,Neutral / transitional
2017-01-13,0.589891,-0.634396,-1.004732,-1.012045,-0.905809,-0.803121,-0.670790,-0.308568,0.243318,Neutral / transitional
2017-01-20,0.496721,-0.631614,-1.006846,-0.966406,-0.903644,-0.793658,-0.677014,-0.241366,0.243462,Neutral / transitional
2017-01-27,0.452254,-0.589882,-0.992000,-1.107740,-0.902890,-0.810692,-0.664567,-0.232966,0.217806,Neutral / transitional
2017-02-03,0.312500,-0.553158,-0.990266,-1.050323,-0.899534,-0.778727,-0.670790,-0.232966,0.197513,Neutral / transitional
2017-02-10,0.509427,-0.551489,-0.978405,-1.067990,-0.900790,-0.762008,-0.677014,-0.300168,0.207118,Neutral / transitional
2017-02-17,0.541188,-0.577084,-0.956142,-0.973767,-0.899037,-0.758643,-0.670790,-0.291768,0.224471,Neutral / transitional
2017-02-24,0.570833,-0.544255,-0.945868,-0.976711,-0.895153,-0.738350,-0.726799,-0.384170,0.200847,Neutral / transitional
2017-03-03,0.666121,-0.580979,-0.935848,-1.051795,-0.892066,-0.771366,-0.602335,-0.232966,0.244910,Neutral / transitional
2017-03-10,0.604714,-0.850290,-0.942528,-0.948739,-0.896889,-0.797443,-0.577442,-0.157364,0.301040,Firm dollar regime
2017-03-17,0.403553,-0.834154,-0.938940,-1.004684,-0.897391,-0.766845,-0.596112,-0.224566,0.251940,Neutral / transitional
2017-03-24,0.261680,-0.879225,-0.960701,-0.757349,-0.902349,-0.747498,-0.639674,-0.308568,0.255733,Neutral / transitional
2017-03-31,0.414139,-0.732884,-0.948802,-0.844211,-0.898258,-0.748444,-0.633451,-0.308568,0.244537,Neutral / transitional
2017-04-07,0.589891,-0.641630,-0.953361,-0.770599,-0.895055,-0.741083,-0.621005,-0.325368,0.263006,Neutral / transitional
2017-04-14,0.458606,-0.589326,-0.970245,-0.315680,-0.895340,-0.707856,-0.670790,-0.442971,0.273992,Neutral / transitional
2017-04-21,0.335793,-0.787414,-0.957710,-0.511487,-0.893679,-0.706279,-0.677014,-0.442971,0.256176,Neutral / transitional
2017-04-28,0.138866,-0.803550,-0.935162,-1.072407,-0.890802,-0.728676,-0.627228,-0.400970,0.174556,Neutral / transitional
2017-05-05,0.054166,-0.976599,-0.925580,-1.109212,-0.883520,-0.772102,-0.602335,-0.342169,0.194781,Neutral / transitional
2017-05-12,0.181215,-0.886458,-0.930908,-1.134240,-0.878377,-0.770630,-0.621005,-0.367369,0.190622,Neutral / transitional
2017-05-19,-0.263457,-0.747908,-0.936730,-0.892794,-0.870349,-0.742766,-0.627228,-0.451372,0.132863,Neutral / transitional
2017-05-26,-0.210520,-0.777398,-0.915083,-1.221102,-0.863806,-0.727099,-0.614782,-0.434571,0.100302,Neutral / transitional
2017-06-02,-0.354509,-0.896474,-0.900320,-1.229935,-0.855088,-0.717425,-0.627228,-0.518573,0.079883,Neutral / transitional
2017-06-09,-0.238048,-0.998300,-0.904955,-1.090073,-0.844872,-0.726152,-0.583666,-0.468172,0.136790,Neutral / transitional
2017-06-16,-0.261339,-1.058951,-0.904079,-1.137185,-0.854173,-0.741399,-0.602335,-0.510173,0.130946,Neutral / transitional
2017-06-23,-0.231694,-1.155213,-0.900809,-1.190185,-0.847276,-0.739086,-0.589889,-0.518573,0.139005,Neutral / transitional
2017-06-30,-0.578963,-0.986615,-0.910264,-1.019406,-0.855322,-0.755384,-0.564996,-0.384170,0.120006,Neutral / transitional
2017-07-07,-0.504851,-1.087329,-0.909140,-1.017934,-0.854170,-0.789136,-0.552550,-0.316968,0.155934,Neutral / transitional
2017-07-14,-0.695425,-0.958794,-0.887493,-1.265269,-0.862864,-0.770210,-0.583666,-0.367369,0.070954,Neutral / transitional
2017-07-21,-0.943171,-1.001639,-0.879067,-1.287352,-0.849627,-0.741083,-0.577442,-0.442971,0.027560,Neutral / transitional
2017-07-28,-1.087161,-0.782406,-0.879346,-1.150435,-0.845323,-0.726257,-0.589889,-0.392570,0.001660,Neutral / transitional
2017-08-04,-1.027871,-0.789640,-0.876343,-1.188713,-0.842676,-0.736877,-0.577442,-0.417771,0.004217,Neutral / transitional
2017-08-11,-1.127394,-0.831928,-0.898891,-0.381930,-0.819678,-0.705964,-0.614782,-0.484972,0.080923,Neutral / transitional
2017-08-18,-1.051164,-0.849178,-0.908905,-0.565959,-0.804138,-0.708067,-0.596112,-0.484972,0.071510,Neutral / transitional
2017-08-25,-1.197271,-0.884789,-0.897793,-1.004684,-0.797709,-0.700917,-0.583666,-0.501773,-0.000773,Neutral / transitional
2017-09-01,-1.182449,-0.917062,-0.876521,-1.173990,-0.781852,-0.667269,-0.583666,-0.510173,-0.025947,Neutral / transitional
2017-09-08,-1.495836,-0.906490,-0.886122,-0.881017,-0.802062,-0.644662,-0.633451,-0.594175,-0.045643,Neutral / transitional
2017-09-15,-1.381492,-0.772391,-0.861484,-1.168102,-0.820077,-0.671580,-0.558773,-0.476572,-0.057426,Neutral / transitional
2017-09-22,-1.317968,-0.729546,-0.860220,-1.253491,-0.820285,-0.700075,-0.515210,-0.426171,-0.050339,Neutral / transitional
2017-09-29,-1.125276,-0.673346,-0.849337,-1.265269,-0.804063,-0.712483,-0.508987,-0.367369,-0.028459,Neutral / transitional
2017-10-06,-0.972816,-0.805776,-0.830306,-1.244658,-0.797733,-0.722893,-0.465425,-0.333769,0.017505,Neutral / transitional
2017-10-13,-1.123159,-0.685588,-0.827868,-1.250547,-0.758840,-0.691453,-0.484094,-0.409371,-0.037928,Neutral / transitional
2017-10-20,-0.993992,-0.684475,-0.813872,-1.197546,-0.747741,-0.716794,-0.428085,-0.316968,0.003286,Neutral / transitional
2017-10-27,-0.735658,-0.549263,-0.810151,-1.222574,-0.754766,-0.726152,-0.434309,-0.291768,0.019503,Neutral / transitional
2017-11-03,-0.731422,-0.452445,-0.805852,-1.319741,-0.711288,-0.728255,-0.409416,-0.358969,-0.015213,Neutral / transitional
2017-11-10,-0.847885,-0.391237,-0.809370,-1.003212,-0.729255,-0.722052,-0.384523,-0.308568,0.013466,Neutral / transitional
2017-11-17,-1.002461,-0.401810,-0.811561,-0.982600,-0.696015,-0.697447,-0.347184,-0.350569,-0.009498,Neutral / transitional
2017-11-24,-1.193035,-0.268267,-0.796594,-1.241713,-0.679418,-0.707015,-0.334737,-0.358969,-0.084645,Neutral / transitional
2017-12-01,-1.163390,-0.301096,-0.771322,-0.982600,-0.596479,-0.715322,-0.316068,-0.333769,-0.051451,Neutral / transitional
2017-12-08,-0.951641,-0.356739,-0.765429,-1.254963,-0.426030,-0.750652,-0.303621,-0.325368,-0.067093,Neutral / transitional
2017-12-15,-0.945289,-0.360078,-0.749992,-1.278519,-0.391369,-0.741083,-0.278729,-0.350569,-0.076323,Neutral / transitional
2017-12-22,-1.068104,-0.294975,-0.745211,-1.207852,-0.509447,-0.718897,-0.235166,-0.241366,-0.060495,Neutral / transitional
2017-12-29,-1.328554,-0.186472,-0.751389,-1.040017,-0.484327,-0.686406,-0.247613,-0.308568,-0.102020,Neutral / transitional
2018-01-05,-1.364553,-0.129717,-0.707232,-1.307963,-0.399822,-0.671685,-0.204050,-0.249766,-0.152235,Neutral / transitional
2018-01-12,-1.572066,0.029422,-0.679870,-1.169574,-0.504913,-0.657911,-0.185381,-0.182565,-0.162039,Neutral / transitional
2018-01-19,-1.656766,-0.022326,-0.664593,-1.006156,-0.577227,-0.659488,-0.141818,-0.106963,-0.123509,Neutral / transitional
2018-01-26,-1.974390,0.131805,-0.624861,-1.034129,-0.590512,-0.638774,-0.098256,-0.090162,-0.184324,Neutral / transitional
2018-02-02,-1.946863,0.093411,-0.695180,-0.116929,-0.661834,-0.657596,-0.085809,0.061042,-0.020920,Neutral / transitional
2018-02-09,-1.684293,-0.254356,-0.785717,1.612943,-0.664692,-0.679256,-0.148041,0.052641,0.277159,Neutral / transitional
2018-02-16,-1.968037,-0.116362,-0.714173,0.199601,-0.619079,-0.637092,-0.048470,0.086242,0.044505,Neutral / transitional
2018-02-23,-1.802873,-0.012310,-0.704597,-0.237652,-0.617031,-0.663379,-0.023577,0.094642,0.003482,Neutral / transitional
2018-03-02,-1.790167,-0.140289,-0.740188,0.218740,-0.593102,-0.670844,-0.023577,0.077842,0.078408,Neutral / transitional
2018-03-09,-1.758406,-0.096331,-0.679661,-0.510014,-0.646392,-0.669477,-0.011131,0.111443,-0.009531,Neutral / transitional
2018-03-16,-1.728760,-0.079638,-0.701606,-0.339235,-0.676838,-0.681149,0.013762,0.069442,0.019305,Neutral / transitional
2018-03-23,-1.896042,0.117337,-0.805586,0.996078,-0.660345,-0.641192,-0.004908,0.044241,0.141144,Neutral / transitional
2018-03-30,-1.745700,0.065033,-0.772179,0.274685,-0.720955,-0.669057,-0.011131,-0.022961,0.074006,Neutral / transitional
2018-04-06,-1.754170,-0.095218,-0.795293,0.498464,-0.728701,-0.659488,-0.011131,0.002240,0.126763,Neutral / transitional
2018-04-13,-1.819812,0.201358,-0.762381,-0.102206,-0.690318,-0.645924,0.051101,0.044241,0.008824,Neutral / transitional
2018-04-20,-1.709703,0.256444,-0.753593,-0.180235,-0.661375,-0.654441,0.107110,0.161844,0.023998,Neutral / transitional
2018-04-27,-1.451369,0.240864,-0.753739,-0.396653,-0.657072,-0.671685,0.125780,0.161844,0.035154,Neutral / transitional
2018-05-04,-1.233268,0.331006,-0.757860,-0.490875,-0.635324,-0.679677,0.138226,0.153444,0.038673,Neutral / transitional
2018-05-11,-1.239620,0.385535,-0.717030,-0.802988,-0.673695,-0.673052,0.156896,0.170244,-0.004653,Neutral / transitional
2018-05-18,-1.006697,0.417808,-0.726396,-0.689626,-0.679501,-0.703335,0.163119,0.245846,0.050508,Neutral / transitional
2018-05-25,-0.890234,0.228623,-0.721088,-0.719071,-0.702989,-0.689561,0.119556,0.136644,0.066489,Neutral / transitional
2018-06-01,-0.890234,0.113442,-0.712649,-0.683738,-0.701121,-0.698498,0.113333,0.103043,0.080154,Neutral / transitional
2018-06-08,-1.025753,0.109547,-0.684449,-0.872183,-0.698577,-0.695028,0.132003,0.136644,0.042402,Neutral / transitional
2018-06-15,-0.763185,0.071710,-0.684049,-0.901628,-0.734178,-0.719738,0.163119,0.136644,0.087650,Neutral / transitional
2018-06-22,-0.820358,0.267573,-0.699784,-0.638098,-0.745540,-0.727309,0.169342,0.111443,0.090924,Neutral / transitional
2018-06-29,-0.797066,0.577503,-0.722967,-0.296541,-0.741438,-0.744238,0.144449,0.069442,0.093928,Neutral / transitional
2018-07-06,-0.921997,0.558028,-0.696647,-0.696988,-0.727568,-0.741083,0.150672,0.044241,0.022900,Neutral / transitional
2018-07-13,-0.771655,0.402785,-0.670301,-0.872183,-0.740837,-0.756540,0.188012,0.052641,0.045213,Neutral / transitional
2018-07-20,-0.833062,0.372181,-0.669971,-0.772071,-0.706828,-0.767160,0.194235,0.103043,0.057990,Neutral / transitional
2018-07-27,-0.786477,0.273694,-0.659182,-0.747044,-0.682120,-0.774416,0.237797,0.161844,0.088518,Neutral / transitional
2018-08-03,-0.689073,0.262565,-0.645511,-0.951684,-0.704383,-0.783248,0.212904,0.153444,0.074521,Neutral / transitional
2018-08-10,-0.430739,0.214712,-0.650001,-0.727905,-0.742462,-0.786508,0.200458,0.086242,0.136539,Neutral / transitional
2018-08-17,-0.485794,0.119007,-0.639301,-0.804460,-0.730398,-0.822889,0.200458,0.086242,0.133753,Neutral / transitional
2018-08-24,-0.686955,0.275363,-0.623706,-0.900156,-0.726152,-0.791555,0.212904,0.044241,0.067011,Neutral / transitional
2018-08-31,-0.689073,0.335457,-0.606669,-0.772071,-0.716474,-0.797864,0.206681,0.077842,0.076116,Neutral / transitional
2018-09-07,-0.640370,0.221389,-0.625617,-0.474681,-0.733858,-0.804909,0.262690,0.145044,0.154460,Neutral / transitional
2018-09-14,-0.722952,0.290386,-0.604472,-0.888378,-0.732467,-0.803437,0.306252,0.187045,0.091495,Neutral / transitional
2018-09-21,-0.883882,0.389987,-0.588794,-0.945795,-0.725695,-0.802175,0.324922,0.254247,0.059521,Neutral / transitional
2018-09-28,-0.678485,0.527425,-0.598757,-0.881017,-0.728463,-0.807117,0.324922,0.237446,0.076222,Neutral / transitional
2018-10-05,-0.587433,0.588075,-0.616797,-0.483514,-0.729123,-0.796917,0.368484,0.388650,0.155119,Neutral / transitional
2018-10-12,-0.672133,0.421147,-0.692005,0.471964,-0.739723,-0.779147,0.349815,0.321448,0.282603,Neutral / transitional
2018-10-19,-0.568376,0.297620,-0.691592,0.262907,-0.733909,-0.771576,0.393377,0.363449,0.293852,Neutral / transitional
2018-10-26,-0.430739,0.212486,-0.760864,0.891550,-0.733624,-0.764006,0.324922,0.262647,0.386798,Firm dollar regime
2018-11-02,-0.392624,-0.035124,-0.719989,0.206962,-0.736254,-0.765688,0.387154,0.380250,0.354850,Firm dollar regime
2018-11-09,-0.314276,-0.199270,-0.683191,-0.109567,-0.736340,-0.791450,0.405824,0.355049,0.343410,Firm dollar regime
2018-11-16,-0.407447,-0.406817,-0.711601,0.005266,-0.761024,-0.776308,0.324922,0.262647,0.355142,Firm dollar regime
2018-11-23,-0.312160,-0.742900,-0.777456,0.502881,-0.798455,-0.776098,0.324922,0.237446,0.481000,Firm dollar regime
2018-11-30,-0.238048,-0.714522,-0.696425,-0.005039,-0.808506,-0.776939,0.318699,0.203845,0.409481,Firm dollar regime
2018-12-07,-0.398976,-0.621042,-0.777126,0.754632,-0.826707,-0.748970,0.268913,0.069442,0.458482,Firm dollar regime
2018-12-14,-0.202050,-0.699498,-0.798163,0.519075,-0.832114,-0.759274,0.275136,0.103043,0.473032,Firm dollar regime
2018-12-21,-0.303690,-1.011654,-0.914575,1.767527,-0.812185,-0.741609,0.212904,0.019040,0.646976,Firm dollar regime
2018-12-28,-0.424387,-1.026121,-0.870685,1.506942,-0.811350,-0.714165,0.144449,-0.039761,0.576196,Firm dollar regime
2019-01-04,-0.466736,-0.879781,-0.841349,0.482269,-0.813368,-0.711221,0.132003,-0.081762,0.413937,Firm dollar regime
2019-01-11,-0.576846,-0.677798,-0.800506,0.012628,-0.818558,-0.706595,0.163119,-0.048161,0.319274,Firm dollar regime
2019-01-18,-0.434975,-0.554827,-0.753231,-0.044789,-0.819458,-0.712693,0.206681,0.019040,0.323271,Firm dollar regime
2019-01-25,-0.551436,-0.560948,-0.757009,-0.100734,-0.821228,-0.695764,0.194235,-0.006160,0.296357,Neutral / transitional
2019-02-01,-0.595903,-0.473589,-0.730486,-0.289180,-0.824635,-0.675260,0.144449,-0.056561,0.238347,Neutral / transitional
2019-02-08,-0.371450,-0.614921,-0.729628,-0.351013,-0.819186,-0.678625,0.100887,-0.115363,0.263178,Neutral / transitional
2019-02-15,-0.312160,-0.455227,-0.686627,-0.470264,-0.820586,-0.673999,0.144449,-0.090162,0.238538,Neutral / transitional
2019-02-22,-0.398976,-0.362303,-0.675788,-0.676376,-0.808864,-0.662327,0.119556,-0.098563,0.181865,Neutral / transitional
2019-03-01,-0.394742,-0.443542,-0.668790,-0.667543,-0.813311,-0.696816,0.163119,-0.006160,0.214641,Neutral / transitional
2019-03-08,-0.216872,-0.428518,-0.707283,-0.302430,-0.812045,-0.696185,0.100887,-0.123763,0.262732,Neutral / transitional
2019-03-15,-0.379920,-0.292193,-0.656858,-0.769127,-0.810223,-0.691138,0.088440,-0.148964,0.155105,Neutral / transitional
2019-03-22,-0.369332,-0.263259,-0.670682,-0.239124,-0.808302,-0.680833,0.013762,-0.274967,0.194177,Neutral / transitional
2019-03-29,-0.235930,-0.202052,-0.649289,-0.646932,-0.806035,-0.700391,-0.011131,-0.300168,0.145451,Neutral / transitional
2019-04-05,-0.210520,-0.038462,-0.612244,-0.777960,-0.777443,-0.703125,0.038655,-0.224566,0.119610,Neutral / transitional
2019-04-12,-0.301572,0.006608,-0.602929,-0.897211,-0.775833,-0.702915,0.069771,-0.174164,0.096486,Neutral / transitional
2019-04-19,-0.195698,0.012729,-0.604440,-0.885433,-0.769304,-0.722577,0.057324,-0.165764,0.111753,Neutral / transitional
2019-04-26,-0.081353,-0.026221,-0.582311,-0.791210,-0.770049,-0.708908,-0.004908,-0.216166,0.124232,Neutral / transitional
2019-05-03,-0.185111,-0.101895,-0.578653,-0.770599,-0.755151,-0.714902,0.026208,-0.190965,0.128767,Neutral / transitional
2019-05-10,-0.225342,-0.117475,-0.619445,-0.303902,-0.736546,-0.708067,-0.017354,-0.249766,0.173146,Neutral / transitional
2019-05-17,-0.083471,-0.056268,-0.633332,-0.315680,-0.707140,-0.719843,-0.054693,-0.316968,0.168221,Neutral / transitional
2019-05-24,-0.166053,-0.286073,-0.654585,-0.331874,-0.687533,-0.710906,-0.079586,-0.375770,0.173227,Neutral / transitional
2019-05-31,-0.136408,-0.571520,-0.701574,0.089184,-0.669642,-0.686932,-0.210273,-0.526974,0.230650,Neutral / transitional
2019-06-07,-0.377802,-0.544255,-0.624563,-0.265624,-0.685809,-0.649709,-0.272505,-0.568975,0.127429,Neutral / transitional
2019-06-14,-0.174523,-0.626606,-0.615902,-0.415792,-0.666006,-0.650866,-0.278729,-0.568975,0.140170,Neutral / transitional
2019-06-21,-0.460384,-0.352844,-0.575592,-0.398125,-0.621801,-0.591878,-0.322291,-0.585775,0.046943,Neutral / transitional
2019-06-28,-0.479442,-0.294975,-0.581117,-0.445236,-0.552852,-0.577683,-0.334737,-0.644577,0.012829,Neutral / transitional
2019-07-05,-0.242283,-0.348393,-0.550225,-0.710238,-0.596391,-0.591352,-0.260059,-0.610976,0.032851,Neutral / transitional
2019-07-12,-0.335453,-0.198157,-0.535391,-0.841266,-0.570871,-0.577472,-0.278729,-0.543774,-0.014666,Neutral / transitional
2019-07-19,-0.263457,-0.453001,-0.558987,-0.537987,-0.610034,-0.561490,-0.303621,-0.602576,0.059484,Neutral / transitional
2019-07-26,-0.081353,-0.421285,-0.527714,-0.875128,-0.630158,-0.568430,-0.266282,-0.577375,0.043431,Neutral / transitional
2019-08-02,-0.062296,-0.451332,-0.587283,-0.072762,-0.610417,-0.539934,-0.353407,-0.762180,0.117290,Neutral / transitional
2019-08-09,-0.191463,-0.515877,-0.595791,-0.019762,-0.569441,-0.486309,-0.409416,-0.862982,0.085474,Neutral / transitional
2019-08-16,-0.053826,-0.495290,-0.614822,0.053850,-0.614800,-0.469590,-0.502764,-1.022586,0.083647,Neutral / transitional
2019-08-23,-0.159701,-0.534239,-0.641219,0.259963,-0.613775,-0.454764,-0.484094,-1.047787,0.101547,Neutral / transitional
2019-08-30,0.111338,-0.482492,-0.590832,0.128934,-0.638450,-0.462650,-0.490317,-1.064587,0.107474,Neutral / transitional
2019-09-06,-0.000889,-0.403479,-0.557654,-0.457014,-0.615441,-0.476214,-0.471648,-1.022586,0.012581,Neutral / transitional
2019-09-13,-0.028416,-0.496402,-0.539442,-0.642515,-0.615220,-0.492302,-0.309845,-0.728579,0.054252,Neutral / transitional
2019-09-20,0.024522,-0.316120,-0.549170,-0.409903,-0.620671,-0.475058,-0.372077,-0.862982,0.042572,Neutral / transitional
2019-09-27,0.151571,-0.437421,-0.568398,-0.130179,-0.679474,-0.483680,-0.409416,-0.904983,0.109496,Neutral / transitional
2019-10-04,0.088045,-0.609913,-0.574608,-0.156679,-0.680873,-0.476214,-0.552550,-1.047787,0.084080,Neutral / transitional
2019-10-11,-0.019945,-0.504749,-0.563013,-0.371625,-0.677344,-0.500924,-0.409416,-0.846182,0.074858,Neutral / transitional
2019-10-18,-0.235930,-0.555940,-0.552898,-0.567431,-0.687965,-0.495141,-0.440532,-0.846182,0.025234,Neutral / transitional
2019-10-25,-0.119468,-0.395689,-0.529816,-0.802988,-0.667016,-0.483259,-0.409416,-0.812581,-0.008584,Neutral / transitional
2019-11-01,-0.244400,-0.421285,-0.501648,-0.854516,-0.648721,-0.474322,-0.452978,-0.871382,-0.047163,Neutral / transitional
2019-11-08,-0.009359,-0.363416,-0.485030,-0.888378,-0.662623,-0.523426,-0.378300,-0.694978,0.007935,Neutral / transitional
2019-11-15,-0.083471,-0.336707,-0.467644,-0.891322,-0.672157,-0.517117,-0.421862,-0.778980,-0.022751,Neutral / transitional
2019-11-22,-0.026299,-0.333925,-0.474102,-0.848627,-0.708582,-0.521533,-0.421862,-0.837782,-0.012053,Neutral / transitional
2019-11-29,-0.026299,-0.478597,-0.454614,-0.807405,-0.694423,-0.518905,-0.421862,-0.829381,0.007699,Neutral / transitional
2019-12-06,-0.146996,-0.254356,-0.451484,-0.660182,-0.700952,-0.525739,-0.421862,-0.778980,-0.009436,Neutral / transitional
2019-12-13,-0.259223,-0.205947,-0.436949,-0.805933,-0.709402,-0.508390,-0.421862,-0.795780,-0.052764,Neutral / transitional
2019-12-20,-0.144878,-0.185359,-0.403662,-0.823599,-0.710952,-0.509336,-0.409416,-0.711778,-0.035045,Neutral / transitional
2019-12-27,-0.312160,-0.114136,-0.391725,-0.688154,-0.708780,-0.468223,-0.434309,-0.745379,-0.062142,Neutral / transitional
2020-01-03,-0.329100,-0.040132,-0.395007,-0.601293,-0.707110,-0.431001,-0.471648,-0.812581,-0.080172,Neutral / transitional
2020-01-10,-0.218990,-0.263259,-0.375640,-0.816238,-0.682073,-0.422273,-0.452978,-0.787380,-0.066543,Neutral / transitional
2020-01-17,-0.166053,-0.291080,-0.334829,-0.883961,-0.658839,-0.420906,-0.440532,-0.778980,-0.070484,Neutral / transitional
2020-01-24,-0.115233,-0.533127,-0.356514,-0.521792,-0.673575,-0.407973,-0.496541,-0.896583,-0.007370,Neutral / transitional
2020-01-31,-0.212638,-0.679467,-0.400932,0.108323,-0.645996,-0.395565,-0.596112,-1.056187,0.045668,Neutral / transitional
2020-02-07,0.060519,-0.748464,-0.336042,-0.387819,-0.632424,-0.410602,-0.546326,-0.988985,0.033115,Neutral / transitional
2020-02-14,0.153689,-0.652202,-0.302737,-0.651348,-0.616696,-0.395776,-0.540103,-0.988985,-0.007417,Neutral / transitional
2020-02-21,0.183333,-0.578197,-0.329667,-0.150790,-0.635761,-0.330689,-0.589889,-1.098188,0.027348,Neutral / transitional
2020-02-28,-0.055944,-1.057838,-0.573205,3.239758,-0.666658,-0.415333,-0.888602,-1.375395,0.454106,Firm dollar regime
2020-03-06,-0.517557,-1.251475,-0.561680,3.500000,-0.652943,-0.303140,-1.118861,-1.703004,0.366227,Firm dollar regime
2020-03-13,0.075341,-1.782863,-0.727634,3.500000,-0.761384,-0.466225,-1.118861,-1.534999,0.582449,Firm dollar regime
2020-03-20,0.937159,-2.300341,-0.985504,3.500000,-0.742033,-0.499557,-1.193539,-1.551800,0.777407,Firm dollar regime
2020-03-27,-0.005123,-2.351532,-0.835297,3.500000,-0.733775,-0.352455,-1.268218,-1.719804,0.597489,Firm dollar regime
2020-04-03,0.462842,-1.971492,-0.868837,3.500000,-0.725743,-0.342150,-1.280664,-1.803806,0.598324,Firm dollar regime
2020-04-10,0.238387,-2.281979,-0.677597,3.469426,-0.721718,-0.234373,-1.280664,-1.711404,0.578926,Firm dollar regime
2020-04-17,0.293442,-2.531815,-0.623788,2.951201,-0.714688,-0.283793,-1.299334,-1.778606,0.540098,Firm dollar regime
2020-04-24,0.420491,-2.605820,-0.647803,2.624365,-0.700833,-0.247727,-1.286887,-1.820607,0.517443,Firm dollar regime
2020-05-01,0.085929,-2.447794,-0.651632,2.809866,-0.660798,-0.278220,-1.299334,-1.787006,0.480987,Firm dollar regime
2020-05-08,0.282856,-2.171806,-0.588711,1.453942,-0.631000,-0.262027,-1.324227,-1.745005,0.290139,Neutral / transitional
2020-05-15,0.424727,-1.910842,-0.630684,2.029584,-0.646677,-0.216287,-1.324227,-1.787006,0.343446,Firm dollar regime
2020-05-22,0.310383,-1.698286,-0.572424,1.480442,-0.651114,-0.236055,-1.318003,-1.770206,0.232562,Neutral / transitional
2020-05-29,-0.011477,-1.573646,-0.515999,1.384747,-0.643297,-0.218075,-1.324227,-1.778606,0.152682,Neutral / transitional
2020-06-05,-0.307924,-1.347737,-0.420991,0.944550,-0.636398,-0.290312,-1.286887,-1.560200,0.060622,Neutral / transitional
2020-06-12,-0.227460,-1.530802,-0.517903,2.647921,-0.642025,-0.233216,-1.305557,-1.728204,0.288831,Neutral / transitional
2020-06-19,-0.163935,-1.336608,-0.482071,2.505114,-0.647901,-0.216708,-1.305557,-1.736605,0.247788,Neutral / transitional
2020-06-26,-0.189345,-1.406718,-0.538388,2.447698,-0.651713,-0.188002,-1.318003,-1.787006,0.242271,Neutral / transitional
2020-07-03,-0.227460,-1.286530,-0.461580,1.409775,-0.654017,-0.177803,-1.324227,-1.753405,0.085577,Neutral / transitional
2020-07-10,-0.369332,-1.292094,-0.426636,1.352358,-0.648182,-0.165290,-1.324227,-1.778606,0.051550,Neutral / transitional
2020-07-17,-0.519673,-1.289868,-0.401434,1.115329,-0.652064,-0.156773,-1.336673,-1.787006,-0.003486,Neutral / transitional
2020-07-24,-0.837297,-1.250918,-0.407212,1.138884,-0.640317,-0.064768,-1.336673,-1.829007,-0.062610,Neutral / transitional
2020-07-31,-1.038459,-1.307674,-0.371976,0.935716,-0.585879,0.003894,-1.355343,-1.862608,-0.132382,Neutral / transitional
2020-08-07,-1.049046,-1.254813,-0.321076,0.604464,-0.577408,0.072451,-1.342896,-1.845807,-0.194055,Neutral / transitional
2020-08-14,-1.121041,-1.210856,-0.307379,0.580909,-0.572307,-0.009776,-1.336673,-1.728204,-0.188087,Neutral / transitional
2020-08-21,-1.089279,-1.192493,-0.291942,0.653048,-0.577681,-0.012720,-1.324227,-1.787006,-0.184078,Neutral / transitional
2020-08-28,-1.275617,-1.157438,-0.221554,0.714882,-0.579205,0.016617,-1.336673,-1.703004,-0.207354,Neutral / transitional
2020-09-04,-1.201505,-1.335495,-0.273020,1.861750,-0.610611,-0.026074,-1.336673,-1.719804,-0.018879,Neutral / transitional
2020-09-11,-1.072338,-1.471264,-0.327622,1.290524,-0.613990,-0.011773,-1.342896,-1.761805,-0.057733,Neutral / transitional
2020-09-18,-1.157038,-1.260934,-0.341275,1.137412,-0.597424,0.003158,-1.336673,-1.736605,-0.112054,Neutral / transitional
2020-09-25,-0.807652,-1.308787,-0.354616,1.218385,-0.605098,-0.097575,-1.349119,-1.770206,-0.042815,Neutral / transitional
2020-10-02,-0.964347,-1.486844,-0.322892,1.402414,-0.608656,-0.054148,-1.342896,-1.736605,-0.021112,Neutral / transitional
2020-10-09,-1.129511,-1.289312,-0.241156,1.015217,-0.593771,-0.034591,-1.324227,-1.661003,-0.117587,Neutral / transitional
2020-10-16,-0.998226,-1.273732,-0.236920,1.370025,-0.585920,-0.055410,-1.336673,-1.686203,-0.062387,Neutral / transitional
2020-10-23,-1.190919,-1.331044,-0.248617,1.390636,-0.536879,-0.056672,-1.311780,-1.610601,-0.068682,Neutral / transitional
2020-10-30,-0.921997,-1.556954,-0.372713,2.932062,-0.518140,-0.083274,-1.336673,-1.585401,0.202384,Neutral / transitional
2020-11-06,-1.305262,-1.481836,-0.220646,0.994606,-0.456608,-0.007778,-1.324227,-1.627402,-0.136927,Neutral / transitional
2020-11-13,-1.193035,-1.315464,-0.172571,0.735493,-0.433696,-0.076650,-1.318003,-1.577001,-0.169271,Neutral / transitional
2020-11-20,-1.271383,-1.203065,-0.190103,0.823827,-0.363506,-0.091160,-1.324227,-1.627402,-0.193919,Neutral / transitional
2020-11-27,-1.398432,-1.014993,-0.138789,0.402769,-0.409606,-0.186320,-1.324227,-1.619002,-0.273648,Neutral / transitional
2020-12-04,-1.629239,-0.974374,-0.100201,0.395408,-0.361115,-0.125229,-1.324227,-1.509799,-0.313367,Soft dollar regime
2020-12-11,-1.569948,-0.957124,-0.122844,0.766410,-0.380643,-0.121443,-1.355343,-1.568600,-0.268178,Neutral / transitional
2020-12-18,-1.773229,-0.816348,-0.093667,0.510242,-0.225879,-0.073811,-1.342896,-1.526599,-0.365347,Soft dollar regime
2020-12-25,-1.707585,-0.864758,-0.097699,0.504353,-0.179355,-0.079805,-1.342896,-1.534999,-0.357439,Soft dollar regime
2021-01-01,-1.790167,-0.848621,-0.064038,0.683965,-0.035856,-0.067292,-1.342896,-1.543400,-0.372086,Soft dollar regime
2021-01-08,-1.756288,-0.641630,-0.020471,0.508769,0.312228,-0.130065,-1.336673,-1.375395,-0.434956,Soft dollar regime
2021-01-15,-1.612299,-0.634953,-0.056304,0.918050,0.191190,-0.135849,-1.342896,-1.392196,-0.349178,Soft dollar regime
2021-01-22,-1.726644,-0.639961,-0.009810,0.560298,0.074803,-0.108195,-1.342896,-1.400596,-0.403334,Soft dollar regime
2021-01-29,-1.654648,-0.643856,-0.090600,2.206252,0.114739,-0.117553,-1.355343,-1.392196,-0.182333,Neutral / transitional
2021-02-05,-1.557244,-0.385117,0.018993,0.407186,0.231379,-0.153619,-1.367789,-1.324994,-0.444310,Soft dollar regime
2021-02-12,-1.675823,-0.239333,0.049473,0.274685,0.516605,-0.142894,-1.355343,-1.316594,-0.532116,Soft dollar regime
2021-02-19,-1.701233,-0.252130,0.031617,0.580909,0.772052,-0.191052,-1.355343,-1.198991,-0.504393,Soft dollar regime
2021-02-26,-1.580536,-0.126378,-0.029063,1.449525,0.481103,-0.242154,-1.336673,-1.114989,-0.333273,Soft dollar regime
2021-03-05,-1.358199,0.129022,-0.009511,0.965161,0.559948,-0.274014,-1.336673,-1.014186,-0.393668,Soft dollar regime
2021-03-12,-1.421725,0.102314,0.054877,0.380685,0.816050,-0.251617,-1.336673,-0.946984,-0.505790,Soft dollar regime
2021-03-19,-1.370905,-0.130829,0.035675,0.418964,0.846965,-0.228590,-1.324227,-0.862982,-0.457796,Soft dollar regime
2021-03-26,-1.190919,-0.155868,0.074688,0.111267,0.749173,-0.238474,-1.336673,-0.921784,-0.470954,Soft dollar regime
2021-04-02,-1.157038,-0.129160,0.103473,-0.113984,0.878584,-0.242574,-1.305557,-0.879783,-0.508336,Soft dollar regime
2021-04-09,-1.320084,-0.247679,0.172642,-0.208207,0.843868,-0.225330,-1.324227,-0.921784,-0.539725,Soft dollar regime
2021-04-16,-1.447135,-0.035680,0.208627,-0.272985,0.945269,-0.188107,-1.324227,-0.988985,-0.620430,Soft dollar regime
2021-04-23,-1.595359,-0.090767,0.205261,-0.113984,0.625959,-0.190631,-1.324227,-0.997386,-0.572597,Soft dollar regime
2021-04-30,-1.506424,-0.010641,0.205896,0.074461,0.828790,-0.201251,-1.324227,-0.938584,-0.564696,Soft dollar regime
2021-05-07,-1.728760,0.062808,0.238554,-0.208207,0.816791,-0.134376,-1.336673,-0.980585,-0.654750,Soft dollar regime
2021-05-14,-1.709703,0.088960,0.201248,0.103906,0.588994,-0.127226,-1.324227,-0.955385,-0.579673,Soft dollar regime
2021-05-21,-1.773229,-0.010641,0.189825,0.301185,0.205795,-0.086639,-1.318003,-0.955385,-0.505471,Soft dollar regime
2021-05-28,-1.771111,0.141820,0.220463,-0.197901,0.156826,-0.059511,-1.336673,-0.997386,-0.595334,Soft dollar regime
2021-06-04,-1.747818,0.325442,0.236833,-0.247957,0.193294,-0.070551,-1.336673,-1.014186,-0.628956,Soft dollar regime
2021-06-11,-1.658884,0.397221,0.247977,-0.361319,0.206701,-0.083590,-1.324227,-1.089788,-0.650316,Soft dollar regime
2021-06-18,-1.305262,0.437840,0.196549,0.382158,0.159557,-0.199884,-1.261995,-1.106588,-0.485719,Soft dollar regime
2021-06-25,-1.394198,0.571939,0.269097,-0.365736,0.033119,-0.190631,-1.249548,-1.030987,-0.590499,Soft dollar regime
2021-07-02,-1.305262,0.633703,0.314588,-0.446708,0.101961,-0.184848,-1.274441,-1.114989,-0.625850,Soft dollar regime
2021-07-09,-1.326438,0.600317,0.325516,-0.283291,0.098943,-0.156142,-1.280664,-1.173790,-0.616602,Soft dollar regime
2021-07-16,-1.207858,0.447299,0.298599,0.050906,0.026530,-0.151516,-1.268218,-1.224191,-0.533784,Soft dollar regime
2021-07-23,-1.161273,0.461766,0.352338,-0.133123,0.092348,-0.165395,-1.286887,-1.232592,-0.569366,Soft dollar regime
2021-07-30,-1.317968,0.566375,0.341841,0.019989,0.356044,-0.154039,-1.305557,-1.282993,-0.624594,Soft dollar regime
2021-08-06,-1.184565,0.250880,0.368041,-0.287707,0.373746,-0.206088,-1.293111,-1.224191,-0.597019,Soft dollar regime
2021-08-13,-1.243856,0.259783,0.388031,-0.390764,0.525395,-0.190210,-1.280664,-1.240992,-0.642409,Soft dollar regime
2021-08-20,-1.036341,-0.080751,0.371311,0.067100,0.572498,-0.184112,-1.280664,-1.266193,-0.524381,Soft dollar regime
2021-08-27,-1.207858,0.276476,0.414300,-0.252374,0.563951,-0.146784,-1.286887,-1.224191,-0.634907,Soft dollar regime
2021-09-03,-1.345495,0.307079,0.430848,-0.249429,0.593408,-0.131853,-1.293111,-1.207391,-0.661863,Soft dollar regime
2021-09-10,-1.231150,0.331006,0.382049,0.418964,0.436742,-0.175595,-1.280664,-1.190591,-0.532205,Soft dollar regime
2021-09-17,-1.099867,0.456202,0.365800,0.398352,0.509373,-0.218390,-1.280664,-1.173790,-0.533619,Soft dollar regime
2021-09-24,-1.072338,0.568044,0.380081,-0.052150,0.374454,-0.218075,-1.243325,-1.089788,-0.570263,Soft dollar regime
2021-10-01,-0.921997,0.673765,0.317572,0.441047,0.535256,-0.211030,-1.255771,-1.081388,-0.516709,Soft dollar regime
2021-10-08,-0.915644,0.866846,0.339352,0.098017,0.713539,-0.212081,-1.224655,-0.972185,-0.590265,Soft dollar regime
2021-10-15,-0.943171,1.029879,0.390171,-0.265624,0.945914,-0.200620,-1.168647,-0.988985,-0.691471,Soft dollar regime
2021-10-22,-1.013049,1.112230,0.436861,-0.393708,0.918438,-0.171178,-1.125084,-0.930184,-0.719797,Soft dollar regime
2021-10-29,-0.905056,1.101658,0.475265,-0.271513,0.965233,-0.184217,-1.125084,-1.022586,-0.710272,Soft dollar regime
2021-11-05,-0.862707,0.973680,0.533780,-0.239124,0.931645,-0.149623,-1.181093,-1.106588,-0.709874,Soft dollar regime
2021-11-12,-0.691191,0.946971,0.524458,-0.267096,1.023980,-0.095261,-1.093968,-0.997386,-0.681224,Soft dollar regime
2021-11-19,-0.492146,0.686007,0.534053,-0.028595,0.840046,-0.113031,-1.100191,-1.030987,-0.574874,Soft dollar regime
2021-11-26,-0.487912,0.243647,0.468433,1.548165,0.701409,-0.182535,-1.112638,-1.081388,-0.295591,Neutral / transitional
2021-12-03,-0.481558,0.138482,0.432753,1.849972,0.702277,-0.184217,-1.050406,-1.190591,-0.245235,Neutral / transitional
2021-12-10,-0.496381,0.439509,0.542981,0.086239,0.508635,-0.183271,-1.006843,-1.081388,-0.475778,Soft dollar regime
2021-12-17,-0.386272,0.394439,0.484956,0.510242,0.476910,-0.162136,-1.013066,-1.140189,-0.402932,Soft dollar regime
2021-12-24,-0.502735,0.557472,0.551725,-0.021234,0.617687,-0.154986,-0.981950,-1.064587,-0.517801,Soft dollar regime
2021-12-31,-0.576846,0.636485,0.577372,-0.130179,0.480088,-0.137216,-0.969504,-1.047787,-0.535131,Soft dollar regime
2022-01-07,-0.562024,0.841807,0.520762,0.096545,0.335395,-0.170022,-0.882379,-0.846182,-0.465248,Soft dollar regime
2022-01-14,-0.682721,1.115569,0.511758,0.159851,0.382375,-0.149939,-0.807701,-0.829381,-0.502465,Soft dollar regime
2022-01-21,-0.583199,1.189017,0.343543,1.582026,0.179975,-0.133851,-0.795254,-0.854582,-0.278712,Neutral / transitional
2022-01-28,-0.238048,1.282497,0.365076,1.406830,0.220411,-0.183165,-0.708130,-0.829381,-0.256693,Neutral / transitional
2022-02-04,-0.617078,1.587976,0.408687,0.753160,0.333657,-0.159086,-0.608558,-0.703378,-0.418386,Soft dollar regime
2022-02-11,-0.490029,1.631934,0.356688,1.362664,0.361296,-0.123021,-0.490317,-0.711778,-0.319545,Soft dollar regime
2022-02-18,-0.498499,1.518979,0.312384,1.420080,0.288868,-0.062350,-0.508987,-0.711778,-0.294633,Neutral / transitional
2022-02-25,-0.375684,1.547913,0.335104,1.396525,0.263981,-0.075178,-0.459201,-0.669777,-0.272495,Neutral / transitional
2022-03-04,0.054166,2.888348,0.299684,2.042834,0.261646,0.007889,-0.490317,-0.862982,-0.339233,Soft dollar regime
2022-03-11,0.153689,2.535016,0.220590,1.861750,0.251206,0.027237,-0.334737,-0.644577,-0.249741,Neutral / transitional
2022-03-18,-0.034768,2.277390,0.384932,0.848855,0.342807,-0.031331,-0.197827,-0.526974,-0.360564,Soft dollar regime
2022-03-25,0.088045,2.789304,0.435693,0.398352,0.420434,-0.005149,0.007539,-0.241366,-0.423464,Soft dollar regime
2022-04-01,0.049931,1.975250,0.437471,0.224629,0.479332,-0.037219,0.094664,-0.316968,-0.350322,Soft dollar regime
2022-04-08,0.297678,1.919051,0.400908,0.449880,0.357632,-0.014192,0.150672,-0.039761,-0.225616,Neutral / transitional
2022-04-15,0.407787,2.402586,0.340146,0.676604,0.304789,0.016617,0.113333,0.052641,-0.226722,Neutral / transitional
2022-04-22,0.598361,2.131049,0.263433,1.487803,0.280012,-0.026074,0.268913,0.111443,-0.022737,Neutral / transitional
2022-04-29,0.966804,2.276834,0.174630,2.251891,0.245564,-0.049837,0.256467,0.103043,0.116377,Neutral / transitional
2022-05-06,1.115029,2.559499,0.169175,1.779305,0.167287,-0.080225,0.268913,0.296248,0.080470,Neutral / transitional
2022-05-13,1.305602,2.599562,0.106025,1.584970,-0.038630,-0.158666,0.200458,0.136644,0.089923,Neutral / transitional
2022-05-20,1.007037,2.752023,0.028220,1.667415,-0.041140,-0.123021,0.194235,0.010640,0.032906,Neutral / transitional
2022-05-27,0.693648,2.854406,0.191336,1.121217,-0.058605,-0.113347,0.113333,-0.022961,-0.121069,Neutral / transitional
2022-06-03,0.793170,3.065848,0.159777,0.984300,-0.025793,-0.114504,0.231574,0.161844,-0.114305,Neutral / transitional
2022-06-10,1.218786,3.166005,0.027902,1.420080,-0.044703,-0.087901,0.480502,0.321448,0.047439,Neutral / transitional
2022-06-17,1.335247,2.547814,-0.115618,1.917694,-0.307129,-0.124598,0.548957,0.405450,0.275860,Neutral / transitional
2022-06-24,1.227256,2.439867,0.034811,1.343524,-0.283966,-0.135428,0.468056,0.304648,0.161025,Neutral / transitional
2022-07-01,1.428417,2.484938,-0.020058,1.265496,-0.343759,-0.165711,0.343592,0.094642,0.147092,Neutral / transitional
2022-07-08,1.824388,2.282398,0.026962,0.962217,-0.268747,-0.227959,0.517841,0.271047,0.220355,Neutral / transitional
2022-07-15,2.046724,1.881770,0.003963,0.901855,-0.296012,-0.268651,0.524064,0.136644,0.286027,Neutral / transitional
2022-07-22,1.765099,1.720962,0.066491,0.725188,-0.238768,-0.243626,0.430716,0.002240,0.202273,Neutral / transitional
2022-07-29,1.589347,1.939082,0.173588,0.474908,-0.205565,-0.206298,0.374708,-0.081762,0.082049,Neutral / transitional
2022-08-05,1.741806,1.404355,0.183049,0.448408,-0.221267,-0.176541,0.592520,0.052641,0.205722,Neutral / transitional
2022-08-12,1.532174,1.575734,0.268748,0.209907,-0.187338,-0.150990,0.598743,0.061042,0.111964,Neutral / transitional
2022-08-19,2.070016,1.502286,0.235938,0.367435,-0.294756,-0.206298,0.598743,0.178645,0.247209,Neutral / transitional
2022-08-26,2.203419,1.629708,0.127469,1.097662,-0.313573,-0.220073,0.673421,0.229046,0.372502,Firm dollar regime
2022-09-02,2.357995,1.285279,0.042761,1.084412,-0.322417,-0.248673,0.692091,0.363449,0.467625,Firm dollar regime
2022-09-09,2.245768,1.280828,0.133628,0.689854,-0.279411,-0.242364,0.791662,0.472652,0.413407,Firm dollar regime
2022-09-16,2.406698,1.187348,0.010421,1.206607,-0.328426,-0.289786,0.972135,0.573455,0.572417,Firm dollar regime
2022-09-23,3.132997,0.832903,-0.103941,1.739555,-0.342898,-0.319123,1.189947,0.775060,0.846327,Firm dollar regime
2022-09-30,2.906426,0.874636,-0.172272,1.989834,-0.338810,-0.301878,1.202393,0.892663,0.866205,Firm dollar regime
2022-10-07,3.050415,1.606338,-0.137957,1.951556,-0.335304,-0.262658,1.252179,0.943064,0.790849,Firm dollar regime
2022-10-14,3.158406,1.215169,-0.173891,2.048723,-0.346310,-0.326167,1.364197,1.035467,0.904749,Firm dollar regime
2022-10-21,2.883133,1.184010,-0.066146,1.705693,-0.346712,-0.318386,1.370420,1.211871,0.839794,Firm dollar regime
2022-10-28,2.599389,1.342591,0.028029,1.125634,-0.303355,-0.330478,1.320634,1.052267,0.670142,Firm dollar regime
2022-11-04,2.643856,1.604669,-0.054843,0.948966,-0.286539,-0.297041,1.476214,1.178270,0.660133,Firm dollar regime
2022-11-11,1.671929,1.401573,0.086366,0.650104,-0.411864,-0.199463,1.277072,0.884263,0.450845,Firm dollar regime
2022-11-18,1.807448,0.907465,0.068846,0.738438,-0.422118,-0.215236,1.382866,0.884263,0.559257,Firm dollar regime
2022-11-25,1.602051,0.696022,0.107441,0.352713,-0.427479,-0.215656,1.326858,0.766660,0.485994,Firm dollar regime
2022-12-02,1.303486,0.901901,0.136384,0.140712,-0.410207,-0.157194,1.239733,0.623856,0.354613,Firm dollar regime
2022-12-09,1.358540,0.403341,0.049187,0.695743,-0.408852,-0.156037,1.270849,0.674257,0.513969,Firm dollar regime
2022-12-16,1.335247,0.585293,-0.002895,0.664826,-0.423651,-0.167078,1.171277,0.598655,0.472292,Firm dollar regime
2022-12-23,1.252665,0.878531,-0.007683,0.407186,-0.419096,-0.162872,1.258402,0.825461,0.431854,Firm dollar regime
2022-12-30,1.085383,0.917481,-0.011061,0.524964,-0.425019,-0.139739,1.320634,0.934664,0.440498,Firm dollar regime
2023-01-06,1.161613,0.556359,0.024232,0.445463,-0.414373,-0.094000,1.214840,0.657457,0.425894,Firm dollar regime
2023-01-13,0.805874,0.895224,0.090277,0.036183,-0.324251,-0.039322,1.202393,0.607056,0.253697,Neutral / transitional
2023-01-20,0.765643,0.975905,0.073463,0.257018,-0.239939,-0.032488,1.152608,0.598655,0.249623,Neutral / transitional
2023-01-27,0.748703,0.885208,0.135660,0.059739,-0.227684,-0.031226,1.183724,0.632256,0.232808,Neutral / transitional
2023-02-03,0.958334,0.535215,0.177519,0.033239,-0.216392,-0.086744,1.252179,0.640656,0.309351,Firm dollar regime
2023-02-10,1.108676,0.887434,0.148296,0.357130,-0.271183,-0.088952,1.376643,0.817061,0.372989,Firm dollar regime
2023-02-17,1.157379,0.699361,0.141077,0.282046,-0.182378,-0.114504,1.438875,0.884263,0.402376,Firm dollar regime
2023-02-24,1.443239,0.698248,0.071831,0.524964,-0.224046,-0.149308,1.550893,0.993466,0.514480,Firm dollar regime
2023-03-03,1.297132,0.885208,0.119836,0.056795,-0.249503,-0.109877,1.600678,1.010266,0.414901,Firm dollar regime
2023-03-10,1.309838,0.718279,0.002966,0.985772,-0.315790,-0.096628,1.438875,0.783460,0.526140,Firm dollar regime
2023-03-17,1.125616,0.165190,0.037922,1.090301,-0.095281,0.015145,0.947242,0.523053,0.445405,Firm dollar regime
2023-03-24,1.000685,0.305410,0.072434,0.535270,-0.093168,0.025975,0.916126,0.514653,0.332010,Firm dollar regime
2023-03-31,0.871518,0.662080,0.160266,0.087712,-0.063148,0.010413,1.102822,0.598655,0.236387,Neutral / transitional
2023-04-07,0.725410,0.941963,0.157542,0.043544,-0.079987,0.070768,1.046813,0.523053,0.156067,Neutral / transitional
2023-04-14,0.668239,1.043233,0.178255,-0.152262,-0.001986,0.059623,1.115269,0.632256,0.123047,Neutral / transitional
2023-04-21,0.725410,0.784495,0.175639,-0.196429,-0.099761,0.033020,1.171277,0.674257,0.185140,Neutral / transitional
2023-04-28,0.693648,0.723844,0.198473,-0.342180,-0.036889,0.042063,1.090376,0.565055,0.134926,Neutral / transitional
2023-05-05,0.596243,0.421147,0.177373,-0.134595,-0.030974,0.069086,1.015697,0.565055,0.175721,Neutral / transitional
2023-05-12,0.907515,0.348811,0.169645,-0.158151,-0.114141,0.063828,1.053037,0.581855,0.239514,Neutral / transitional
2023-05-19,1.017623,0.432832,0.212761,-0.190540,-0.111547,0.023662,1.239733,0.783460,0.286571,Neutral / transitional
2023-05-26,1.231490,0.495152,0.221314,-0.022706,-0.116752,-0.015559,1.401536,0.867462,0.361704,Firm dollar regime
2023-06-02,1.191258,0.443404,0.270157,-0.515903,-0.100594,0.011044,1.376643,0.775060,0.275381,Neutral / transitional
2023-06-09,1.093853,0.356045,0.280628,-0.629265,-0.124032,0.019035,1.432652,0.825461,0.273878,Neutral / transitional
2023-06-16,0.827051,0.445630,0.350941,-0.671960,-0.128692,0.012726,1.501107,0.842262,0.227232,Neutral / transitional
2023-06-23,0.954100,0.299846,0.312041,-0.686682,0.004406,-0.031016,1.507330,0.817061,0.250816,Neutral / transitional
2023-06-30,0.956218,0.382197,0.376842,-0.664599,-0.002244,-0.031226,1.606902,0.875863,0.256102,Neutral / transitional
2023-07-07,0.820697,0.561367,0.344185,-0.482042,-0.006357,-0.027966,1.650464,1.085868,0.275470,Neutral / transitional
2023-07-14,0.320971,0.648169,0.411792,-0.701404,-0.006606,0.005576,1.526000,0.892663,0.122412,Neutral / transitional
2023-07-21,0.566599,0.739980,0.431426,-0.663126,-0.019567,0.007889,1.575786,0.901063,0.152574,Neutral / transitional
2023-07-28,0.683061,0.935286,0.460566,-0.702877,-0.037529,0.001370,1.606902,1.001866,0.153657,Neutral / transitional
2023-08-04,0.767760,1.059926,0.394399,-0.147845,-0.044999,0.017878,1.550893,1.077468,0.227634,Neutral / transitional
2023-08-11,0.941394,1.080514,0.385522,-0.480570,-0.035138,-0.013140,1.619348,1.169870,0.229036,Neutral / transitional
2023-08-18,1.055738,0.972567,0.325617,-0.118401,-0.137160,-0.044790,1.638018,1.253872,0.339124,Firm dollar regime
2023-08-25,1.203964,0.893554,0.348477,-0.356902,-0.137217,-0.020185,1.706473,1.245472,0.339297,Firm dollar regime
2023-09-01,1.237843,1.211831,0.418364,-0.738210,-0.144742,0.008415,1.606902,1.186671,0.224917,Neutral / transitional
2023-09-08,1.417829,1.320891,0.381357,-0.627793,-0.141545,-0.017241,1.675357,1.253872,0.271975,Neutral / transitional
2023-09-15,1.466532,1.502286,0.376804,-0.635154,-0.120122,-0.013561,1.700250,1.312674,0.262362,Neutral / transitional
2023-09-22,1.521587,1.461110,0.294090,-0.133123,-0.121010,-0.014192,1.750035,1.405076,0.365447,Firm dollar regime
2023-09-29,1.646518,1.503399,0.273764,-0.086012,-0.110889,-0.097785,1.706473,1.531079,0.403696,Firm dollar regime
2023-10-06,1.618992,1.058257,0.286750,-0.096317,-0.079355,-0.119761,1.737589,1.690684,0.475632,Firm dollar regime
2023-10-13,1.748159,1.330907,0.298992,0.178990,-0.112392,-0.018503,1.712696,1.564680,0.463190,Firm dollar regime
2023-10-20,1.644402,1.389888,0.233195,0.530853,-0.026447,0.037121,1.731366,1.816687,0.511194,Firm dollar regime
2023-10-27,1.729100,1.211274,0.165384,0.466075,0.102350,0.041432,1.681580,1.741085,0.512175,Firm dollar regime
2023-11-03,1.403007,0.931391,0.318397,-0.470264,0.127413,0.042168,1.582009,1.514279,0.326208,Firm dollar regime
2023-11-10,1.580877,0.745544,0.354529,-0.579209,0.206078,-0.022499,1.712696,1.547880,0.372324,Firm dollar regime
2023-11-17,1.148908,0.674322,0.417253,-0.633682,0.184222,0.026921,1.613125,1.405076,0.278839,Neutral / transitional
2023-11-24,1.059974,0.654847,0.446031,-0.830961,0.218459,0.046163,1.638018,1.430277,0.241476,Neutral / transitional
2023-12-01,1.032446,0.573052,0.468439,-0.805933,0.247969,0.137327,1.413982,1.220271,0.179247,Neutral / transitional
2023-12-08,1.189141,0.415027,0.474624,-0.847155,0.414885,0.058256,1.507330,1.228672,0.214400,Neutral / transitional
2023-12-15,0.879988,0.426155,0.547534,-0.857461,0.346726,0.080547,1.339304,0.959865,0.115092,Neutral / transitional
2023-12-22,0.700000,0.544674,0.570038,-0.747044,0.409744,0.115667,1.258402,0.951464,0.065338,Neutral / transitional
2023-12-29,0.621654,0.438396,0.579690,-0.832433,0.351895,0.118506,1.208617,0.934664,0.055502,Neutral / transitional
2024-01-05,0.850343,0.558585,0.533596,-0.699932,0.414766,0.095373,1.314411,1.077468,0.117496,Neutral / transitional
2024-01-12,0.848225,0.495708,0.588580,-0.795627,0.374863,0.097266,1.152608,1.001866,0.081332,Neutral / transitional
2024-01-19,1.036682,0.536328,0.624126,-0.707293,0.337239,0.073818,1.308188,1.161470,0.153442,Neutral / transitional
2024-01-26,1.074797,0.792284,0.656613,-0.713182,0.343286,0.061200,1.277072,1.161470,0.118347,Neutral / transitional
2024-02-02,1.170083,0.473451,0.699563,-0.626321,0.385001,0.099474,1.289518,1.060667,0.154557,Neutral / transitional
2024-02-09,1.203964,0.727182,0.742742,-0.761766,0.505707,0.083701,1.364197,1.178270,0.115667,Neutral / transitional
2024-02-16,1.246313,0.857943,0.729382,-0.568904,0.658458,0.068350,1.463768,1.287473,0.139315,Neutral / transitional
2024-02-23,1.174319,0.707707,0.782232,-0.641043,0.614938,0.094952,1.482438,1.253872,0.133720,Neutral / transitional
2024-03-01,1.157379,0.901344,0.812890,-0.735266,0.971713,0.143636,1.401536,1.195071,0.023642,Neutral / transitional
2024-03-08,0.920219,0.792284,0.804387,-0.495292,1.150257,0.238059,1.364197,1.111069,-0.010599,Neutral / transitional
2024-03-15,1.066326,0.960882,0.800196,-0.543876,1.183887,0.212824,1.513554,1.295873,0.021761,Neutral / transitional
2024-03-22,1.278075,0.938068,0.874547,-0.742627,1.012487,0.211247,1.432652,1.220271,0.019003,Neutral / transitional
2024-03-29,1.303486,1.079401,0.887355,-0.749988,1.198789,0.271602,1.432652,1.203471,-0.030941,Neutral / transitional
2024-04-05,1.250549,1.287505,0.855599,-0.305374,1.136165,0.406192,1.519777,1.363075,0.017821,Neutral / transitional
2024-04-12,1.618992,1.217952,0.804210,-0.116929,1.116610,0.436370,1.613125,1.455477,0.124441,Neutral / transitional
2024-04-19,1.642284,1.077732,0.705037,0.089184,1.014462,0.478114,1.669134,1.556280,0.210192,Neutral / transitional
2024-04-26,1.597817,1.117238,0.789319,-0.452597,1.011773,0.408085,1.662910,1.598281,0.135000,Neutral / transitional
2024-05-03,1.405125,0.797849,0.806991,-0.679321,0.985401,0.367497,1.569562,1.455477,0.099138,Neutral / transitional
2024-05-10,1.464414,0.806195,0.867245,-0.817711,0.921501,0.437316,1.606902,1.455477,0.084603,Neutral / transitional
2024-05-17,1.282310,0.906352,0.918419,-0.900156,1.112222,0.481899,1.582009,1.388276,-0.008307,Neutral / transitional
2024-05-24,1.339483,0.776148,0.919340,-0.908989,1.157143,0.394731,1.644241,1.421877,0.031156,Neutral / transitional
2024-05-31,1.328895,0.735529,0.902061,-0.763238,1.125615,0.382533,1.619348,1.463878,0.062893,Neutral / transitional
2024-06-07,1.375480,0.654290,0.946181,-0.866294,1.182022,0.384742,1.606902,1.396676,0.043191,Neutral / transitional
2024-06-14,1.515235,0.816767,0.999907,-0.801516,1.080509,0.410083,1.482438,1.203471,0.011545,Neutral / transitional
2024-06-21,1.568172,0.943633,1.020875,-0.722016,1.022160,0.391261,1.501107,1.245472,0.026851,Neutral / transitional
2024-06-28,1.582995,0.988703,1.018246,-0.833905,0.907099,0.400093,1.507330,1.337874,0.035019,Neutral / transitional
2024-07-05,1.373362,1.078845,1.086005,-0.828016,0.795644,0.461185,1.438875,1.270673,-0.020848,Neutral / transitional
2024-07-12,1.206080,1.025984,1.116587,-0.830961,0.833339,0.485369,1.345527,1.186671,-0.069245,Neutral / transitional
2024-07-19,1.271723,0.910247,1.046515,-0.233235,1.101810,0.462657,1.370420,1.245472,0.016644,Neutral / transitional
2024-07-26,1.254783,0.744988,1.017369,-0.252374,1.138433,0.443625,1.289518,1.203471,0.018873,Neutral / transitional
2024-08-02,1.019741,0.542448,0.945908,0.778188,0.940463,0.536997,0.990805,0.867462,0.086298,Neutral / transitional
2024-08-09,1.004919,0.727182,0.944384,0.333574,0.924162,0.540782,1.096599,0.985065,0.035456,Neutral / transitional
2024-08-16,0.860930,0.716610,1.077789,-0.486459,0.863647,0.608498,1.102822,0.943064,-0.105773,Neutral / transitional
2024-08-23,0.492487,0.615340,1.128816,-0.330402,1.022104,0.617435,1.003251,0.875863,-0.167812,Neutral / transitional
2024-08-30,0.700000,0.544118,1.137573,-0.457014,0.870514,0.597773,1.009474,0.959865,-0.117207,Neutral / transitional
2024-09-06,0.589891,0.216938,0.985188,0.629492,0.712957,0.594618,0.853894,0.800261,0.045480,Neutral / transitional
2024-09-13,0.575069,0.271468,1.123362,-0.227346,0.914753,0.685151,0.797885,0.749859,-0.137408,Neutral / transitional
2024-09-20,0.492487,0.453420,1.171958,-0.287707,0.994638,0.722479,0.785439,0.808661,-0.192952,Neutral / transitional
2024-09-27,0.428961,0.245316,1.194576,-0.168457,1.073792,0.745506,0.785439,0.825461,-0.173473,Neutral / transitional
2024-10-04,0.873634,0.590301,1.202767,0.162795,0.960343,0.745191,1.021921,1.018666,-0.052698,Neutral / transitional
2024-10-11,0.951982,0.655959,1.243381,0.346824,0.971849,0.754128,1.034367,1.102668,-0.023685,Neutral / transitional
2024-10-18,1.079031,0.303184,1.274902,-0.010928,1.153873,0.810593,1.034367,1.102668,-0.042177,Neutral / transitional
2024-10-25,1.242079,0.445630,1.238994,0.327685,1.099745,0.836460,1.133938,1.245472,0.041043,Neutral / transitional
2024-11-01,1.246313,0.318208,1.188626,0.555881,1.186285,0.830782,1.196170,1.346275,0.102592,Neutral / transitional
2024-11-08,1.398772,0.367730,1.358004,-0.465847,1.401502,0.773581,1.227286,1.287473,-0.056641,Neutral / transitional
2024-11-15,1.756629,0.180770,1.278681,-0.289180,1.843957,0.642461,1.258402,1.396676,0.022082,Neutral / transitional
2024-11-22,1.926027,0.415583,1.341367,-0.421680,2.085643,0.791877,1.295742,1.379876,-0.056813,Neutral / transitional
2024-11-29,1.555466,0.235300,1.381396,-0.676376,2.038835,0.733835,1.146385,1.186671,-0.147153,Neutral / transitional
2024-12-06,1.604169,0.190786,1.418156,-0.785321,2.113769,0.736569,1.127715,1.161470,-0.168906,Neutral / transitional
2024-12-13,1.822270,0.418365,1.393277,-0.632209,2.160650,0.753603,1.221063,1.371475,-0.117912,Neutral / transitional
2024-12-20,1.953555,0.316539,1.316926,0.037656,2.047806,0.721322,1.252179,1.472278,0.039134,Neutral / transitional
2024-12-27,2.034019,0.379971,1.342319,-0.317152,1.938382,0.707442,1.258402,1.556280,0.020429,Neutral / transitional
2025-01-03,2.235180,0.566931,1.324305,-0.290652,2.058516,0.731416,1.239733,1.539480,0.005322,Neutral / transitional
2025-01-10,2.383406,0.712159,1.251008,0.211379,1.954733,0.794821,1.314411,1.682283,0.109845,Neutral / transitional
2025-01-17,2.319880,0.785051,1.358715,-0.314208,2.252148,0.830256,1.233509,1.547880,-0.054888,Neutral / transitional
2025-01-24,1.915440,0.605881,1.425122,-0.479097,2.263039,0.862011,1.233509,1.564680,-0.115190,Neutral / transitional
2025-01-31,2.112367,0.487362,1.386572,-0.246485,2.189468,0.897341,1.202393,1.522679,-0.046223,Neutral / transitional
2025-02-07,2.042490,0.402228,1.377339,-0.230290,2.010423,0.976307,1.245956,1.447077,-0.032633,Neutral / transitional
2025-02-14,1.731218,0.387761,1.433624,-0.490875,2.040281,0.990082,1.227286,1.430277,-0.119230,Neutral / transitional
2025-02-21,1.739688,0.368843,1.369173,0.015572,1.998126,1.045285,1.183724,1.388276,-0.056771,Neutral / transitional
2025-02-28,1.951437,0.333232,1.331943,0.224629,1.640015,0.935194,1.059260,1.237072,0.029002,Neutral / transitional
2025-03-07,1.153143,0.181883,1.214915,0.775243,1.712221,1.004172,1.059260,1.304274,0.022341,Neutral / transitional
2025-03-14,1.127734,0.189673,1.131566,0.539686,1.627707,1.095651,1.077929,1.295873,-0.000422,Neutral / transitional
2025-03-21,1.206080,0.250880,1.149739,0.173101,1.629966,1.116996,1.028144,1.245472,-0.061848,Neutral / transitional
2025-03-28,1.195493,0.310974,1.094737,0.522020,1.639409,1.185448,0.997028,1.262272,-0.031719,Neutral / transitional
2025-04-04,0.979509,-0.099113,0.772885,3.500000,1.623889,1.131717,0.866341,1.043867,0.370042,Firm dollar regime
2025-04-11,0.293442,-0.126378,0.956575,2.864339,1.610513,1.351687,1.040590,1.438677,0.230581,Neutral / transitional
2025-04-18,0.208742,0.050566,0.905357,1.699804,1.642385,1.439802,0.947242,1.321074,0.017344,Neutral / transitional
2025-04-25,0.227801,-0.041801,1.059349,0.991661,1.955313,1.408257,0.903680,1.279073,-0.122363,Neutral / transitional
2025-05-02,0.340027,-0.304991,1.161874,0.673659,2.022032,1.350320,0.959689,1.312674,-0.117898,Neutral / transitional
2025-05-09,0.412021,-0.153086,1.144882,0.558825,2.206710,1.456205,0.990805,1.346275,-0.168348,Neutral / transitional
2025-05-16,0.570833,-0.071291,1.334407,-0.127234,2.222507,1.291332,1.053037,1.396676,-0.235455,Neutral / transitional
2025-05-23,0.151571,-0.124709,1.235628,0.616242,2.338251,1.479127,1.065483,1.463878,-0.203891,Neutral / transitional
2025-05-30,0.198156,-0.165884,1.304760,0.068572,2.238025,1.398268,0.997028,1.379876,-0.266442,Neutral / transitional
2025-06-06,0.168511,0.045002,1.361064,-0.196429,2.249963,1.458939,1.090376,1.463878,-0.323579,Soft dollar regime
2025-06-13,-0.045356,0.512401,1.346212,0.399824,2.301783,1.570607,1.040590,1.379876,-0.369509,Soft dollar regime
2025-06-20,0.066871,0.620905,1.340414,0.370380,2.217032,1.500052,1.003251,1.354675,-0.360403,Soft dollar regime
2025-06-27,-0.210520,0.097306,1.470733,-0.262680,2.332176,1.396901,0.897457,1.279073,-0.449223,Soft dollar regime
2025-07-04,-0.257105,0.151836,1.538220,-0.253846,2.360999,1.458834,0.990805,1.329474,-0.462570,Soft dollar regime
2025-07-11,-0.115233,0.260339,1.525774,-0.250902,2.649945,1.477235,1.003251,1.396676,-0.484938,Soft dollar regime
2025-07-18,0.018169,0.198576,1.549294,-0.249429,2.664761,1.471241,0.990805,1.405076,-0.464906,Soft dollar regime
2025-07-25,-0.157583,0.077275,1.607618,-0.467320,2.653568,1.447373,1.009474,1.371475,-0.503723,Soft dollar regime
2025-08-01,0.062637,0.198020,1.511969,0.335046,2.522061,1.514878,0.872564,1.228672,-0.406001,Soft dollar regime
2025-08-08,-0.045356,0.006052,1.608133,-0.434931,2.624707,1.611089,0.916126,1.262272,-0.518984,Soft dollar regime
2025-08-15,-0.115233,-0.054042,1.646454,-0.443764,2.646330,1.496792,0.909903,1.312674,-0.508994,Soft dollar regime
2025-08-22,-0.142760,-0.006189,1.657319,-0.571848,2.630355,1.534541,0.866341,1.253872,-0.551303,Soft dollar regime
2025-08-29,-0.132174,0.013286,1.653096,-0.404014,2.372471,1.637166,0.810332,1.228672,-0.521650,Soft dollar regime
2025-09-05,-0.132174,-0.105790,1.666583,-0.430514,2.440731,1.781429,0.760546,1.119469,-0.558203,Soft dollar regime
2025-09-12,-0.178757,-0.060163,1.731854,-0.492348,2.606816,1.816233,0.791662,1.085868,-0.611039,Soft dollar regime
2025-09-19,-0.159701,-0.060719,1.782698,-0.390764,2.594240,1.836632,0.797885,1.153070,-0.594045,Soft dollar regime
2025-09-26,-0.051708,0.108435,1.769579,-0.414319,2.412145,1.945146,0.835225,1.203471,-0.582829,Soft dollar regime
2025-10-03,-0.142760,-0.160876,1.815355,-0.214096,2.794669,2.050189,0.804109,1.144669,-0.613427,Soft dollar regime
2025-10-10,0.124044,-0.271049,1.711674,0.523492,2.518840,2.146400,0.766769,1.077468,-0.451761,Soft dollar regime
2025-10-17,0.007581,-0.346723,1.782475,0.393936,2.313265,2.370261,0.729430,1.052267,-0.492008,Soft dollar regime
2025-10-24,0.117690,-0.126378,1.863551,-0.255318,2.452400,2.290874,0.741877,1.052267,-0.602991,Soft dollar regime
2025-10-31,0.297678,-0.155312,1.894354,-0.097790,2.407371,2.142299,0.816555,1.127869,-0.518050,Soft dollar regime
2025-11-07,0.255327,-0.223753,1.823616,0.143656,2.218945,2.156284,0.785439,1.127869,-0.457850,Soft dollar regime
2025-11-14,0.185450,-0.204834,1.826988,0.254074,1.945480,2.245029,0.829001,1.153070,-0.423884,Soft dollar regime
2025-11-21,0.378142,-0.317789,1.743728,0.784077,1.661883,2.229572,0.760546,1.085868,-0.288595,Neutral / transitional
2025-11-28,0.225683,-0.290524,1.899999,-0.258263,1.839486,2.414003,0.735653,1.052267,-0.513453,Soft dollar regime
2025-12-05,0.126160,-0.205390,1.913531,-0.396653,1.792819,2.401490,0.791662,1.153070,-0.528526,Soft dollar regime
2025-12-12,0.001229,-0.352288,1.886233,-0.348069,1.819715,2.491182,0.766769,1.195071,-0.528730,Soft dollar regime
2025-12-19,0.043578,-0.395689,1.890735,-0.470264,1.753683,2.553219,0.741877,1.169870,-0.539611,Soft dollar regime
2025-12-26,-0.079237,-0.391237,1.951338,-0.663126,1.729247,2.727135,0.729430,1.153070,-0.609543,Soft dollar regime
2026-01-02,0.005463,-0.358965,1.905956,-0.529153,1.809790,2.492549,0.735653,1.195071,-0.555287,Soft dollar regime
2026-01-09,0.155805,-0.258808,1.974414,-0.532098,1.827109,2.672668,0.779216,1.186671,-0.578224,Soft dollar regime
2026-01-16,0.210860,-0.241002,1.957733,-0.330402,1.979831,2.772033,0.810332,1.237072,-0.567592,Soft dollar regime
2026-01-23,-0.168171,-0.150304,1.942239,-0.296541,1.796357,3.176119,0.816555,1.237072,-0.646937,Soft dollar regime
2026-01-30,-0.297338,0.080057,1.957110,-0.097790,1.632569,2.929441,0.766769,1.253872,-0.621708,Soft dollar regime
2026-02-06,-0.161819,-0.012310,1.952837,0.333574,1.218978,3.176224,0.754323,1.220271,-0.523672,Soft dollar regime
2026-02-13,-0.320630,-0.049034,1.891795,0.367435,1.167252,3.246148,0.692091,1.069068,-0.556025,Soft dollar regime
2026-02-20,-0.125820,0.145715,1.938365,0.145128,1.141278,3.282529,0.741877,1.102668,-0.580504,Soft dollar regime
2026-02-27,-0.166053,0.180770,1.918916,0.258490,1.076569,3.458127,0.679644,1.010266,-0.606504,Soft dollar regime
2026-03-06,0.126160,1.509520,1.830741,1.676249,1.145272,3.364335,0.791662,1.161470,-0.511791,Soft dollar regime
2026-03-13,0.416257,1.944090,1.762270,1.337636,1.231559,3.262341,0.897457,1.270673,-0.534780,Soft dollar regime
2026-03-20,0.265915,1.922389,1.682445,1.277274,1.217978,2.750478,0.990805,1.363075,-0.459528,Soft dollar regime
2026-03-27,0.371790,1.995838,1.595052,1.905917,1.090481,2.663836,0.990805,1.405076,-0.333952,Soft dollar regime
2026-04-03,0.346379,2.657987,1.730838,0.848855,1.108542,2.860674,0.965912,1.329474,-0.608427,Soft dollar regime
2026-04-10,0.054166,1.825014,1.879553,0.165740,1.292829,2.973918,0.947242,1.295873,-0.688537,Soft dollar regime
2026-04-17,-0.062296,1.117238,2.075873,-0.091901,1.419218,3.070866,0.885010,1.253872,-0.712314,Soft dollar regime
2026-04-24,0.024522,1.704270,2.100650,0.089184,1.429225,2.925024,0.928573,1.295873,-0.727627,Soft dollar regime
2026-05-01,-0.039004,2.123816,2.141950,-0.164040,1.451277,2.823661,0.990805,1.363075,-0.798734,Soft dollar regime
2026-05-08,-0.117351,1.761025,2.249142,-0.134595,1.512456,2.914300,1.003251,1.354675,-0.791368,Soft dollar regime
2026-05-15,0.185450,2.317453,2.255219,0.047961,1.478295,2.736809,1.121492,1.531079,-0.737724,Soft dollar regime
2026-05-22,0.196038,1.826683,2.296475,-0.206735,1.369287,2.696116,1.146385,1.505879,-0.693374,Soft dollar regime
2026-05-29,0.109222,1.312544,2.364158,-0.409903,1.304819,2.769510,1.053037,1.413476,-0.698150,Soft dollar regime
2026-06-05,0.354850,1.489488,2.239497,0.501408,0.925459,2.530086,1.171277,1.497479,-0.457440,Soft dollar regime
2026-06-12,0.287090,1.174550,2.269799,-0.062456,1.005309,2.397074,1.121492,1.438677,-0.507741,Soft dollar regime
2026-06-19,0.520014,0.713828,2.313689,-0.250902,1.005237,2.404539,1.183724,1.421877,-0.445323,Soft dollar regime
2026-06-26,0.628006,0.303741,2.220625,0.045017,0.897845,2.247237,1.109045,1.354675,-0.316588,Soft dollar regime
2026-07-03,0.522132,0.273694,2.302679,-0.287707,0.974869,2.278151,1.152608,1.447077,-0.374410,Soft dollar regime
2026-07-10,0.545424,0.425042,2.361193,-0.452597,1.023103,2.265533,1.196170,1.505879,-0.409999,Soft dollar regime
2026-07-17,0.498839,1.041564,2.286454,0.098017,1.016165,2.165747,1.177501,1.497479,-0.404762,Soft dollar regime
2026-07-24,0.651299,1.421048,2.257429,0.070045,1.022230,2.220424,1.270849,1.615082,-0.414232,Soft dollar regime
2026-07-31,0.297678,1.162865,2.306793,-0.311263,0.983082,2.258488,1.239733,1.665483,-0.477450,Soft dollar regime
2026-08-07,0.255327,0.801744,2.476920,-0.471736,1.046049,2.566258,1.183724,1.581481,-0.542772,Soft dollar regime
2026-08-14,0.270150,1.036556,2.494775,-0.567431,0.988014,2.605793,1.171277,1.606681,-0.580558,Soft dollar regime
2026-08-21,0.085929,1.295851,2.424044,-0.437875,1.456036,2.861620,1.214840,1.657083,-0.689697,Soft dollar regime
2026-08-28,0.276502,1.092199,2.447786,-0.540931,1.440651,2.703161,1.277072,1.648682,-0.627809,Soft dollar regime
2026-09-04,0.162159,1.541793,2.452130,-0.526209,1.496769,2.647117,1.295742,1.690684,-0.689429,Soft dollar regime
2026-09-11,0.153689,2.018651,2.413002,-0.333347,1.420647,2.575931,1.457545,1.841887,-0.663557,Soft dollar regime
2026-09-18,0.386612,2.032562,2.408887,-0.484986,1.534233,2.592755,1.538446,1.883888,-0.655560,Soft dollar regime
2026-09-25,0.545424,1.593541,2.467884,-0.476153,1.629713,2.483716,1.569562,2.018292,-0.564716,Soft dollar regime
2026-10-02,0.748703,1.521205,2.454746,-0.411375,1.643799,2.316635,1.582009,2.110694,-0.488294,Soft dollar regime
2026-10-09,0.812440,1.551808,2.511146,-0.480570,1.557844,2.377621,1.532223,2.060293,-0.509254,Soft dollar regime
