archive_id,published_at_utc,score_week,as_published_score,current_recalculated_score,score_difference,absolute_score_difference,as_published_regime,current_recalculated_regime,regime_changed,score_sign_changed,largest_revision_driver,largest_absolute_component_revision,DXY_zscore_difference,WTI_zscore_difference,SPX_zscore_difference,VIX_zscore_difference,BTC_zscore_difference,GOLD_zscore_difference,UST_2Y_zscore_difference,UST_10Y_zscore_difference
2026-04-10,2026-04-10T23:54:09.613066+00:00,2026-04-10,-0.7938876463807357,-0.6916494269993385,0.10223821938139721,0.10223821938139721,Soft dollar regime,Soft dollar regime,False,False,GOLD,0.5109547397380889,-0.021521874717420085,-0.05024974427691076,-0.3345482172965013,0.012632515249554471,-0.07454250167088339,-0.5109547397380889,-0.04404053187531909,-0.09945955658802097
2026-04-17,2026-04-17T23:59:01.731288+00:00,2026-04-17,-0.7931730361090563,-0.7154967453776611,0.07767629073139526,0.07767629073139526,Soft dollar regime,Soft dollar regime,False,False,GOLD,0.41364065130109573,-0.04003893911896981,-0.09181733886184928,-0.34345010105025553,0.007882342566715606,-0.07327191816683709,-0.41364065130109573,-0.10460575381682613,-0.164007333159796
2026-04-24,2026-04-24T23:58:46.569802+00:00,2026-04-24,-0.8325251891369173,-0.7308356488695138,0.10168954026740351,0.10168954026740351,Soft dollar regime,Soft dollar regime,False,False,GOLD,0.5222935454142932,-0.012160557075100251,-0.11838846098342404,-0.3316835129433069,0.01107681361661915,-0.0689691015473588,-0.5222935454142932,-0.09088387070769977,-0.13585068458297456
2026-05-22,2026-05-22T22:57:36.947288+00:00,2026-05-22,-0.7788641951109072,-0.6964675754905671,0.08239661962034006,0.08239661962034006,Soft dollar regime,Soft dollar regime,False,False,GOLD,0.3691947425338009,-0.009430424523718617,-0.08019979762360863,-0.28627223903121424,0.006086244416230957,-0.056400474550191815,-0.3691947425338009,-0.021977220480502657,-0.1075728961881044
2026-05-29,2026-05-29T23:11:13.274455+00:00,2026-05-29,-0.7719774387614525,-0.7012598154961234,0.07071762326532915,0.07071762326532915,Soft dollar regime,Soft dollar regime,False,False,GOLD,0.3361850232006174,-0.017321013162944335,-0.0713584501449076,-0.27416834542129376,0.0029974549060511335,-0.04686189525810147,-0.3361850232006174,-0.056524096601275664,-0.09198507304411896
2026-06-19,2026-06-19T22:55:54.713134+00:00,2026-06-19,-0.48112031288835355,-0.44810920413640687,0.03301110875194668,0.03301110875194668,Soft dollar regime,Soft dollar regime,False,False,SPX,0.22226508268246858,-0.00466481402921215,-0.032720633416713274,-0.22226508268246858,-0.04940489225039252,-0.031861444058255195,-0.18662003446325448,-0.05039128467156284,-0.10491733365395084
2026-06-26,2026-06-26T23:04:39.433206+00:00,2026-06-26,-0.37376369618453065,-0.3192373560544971,0.054526340130033546,0.054526340130033546,Soft dollar regime,Soft dollar regime,False,False,GOLD,0.24858741314759536,-0.004330035989725034,-0.08880731247647922,-0.201698754387873,0.008906169468710208,-0.03717913118963745,-0.24858741314759536,-0.053692553511471175,-0.09094547012883081
2026-07-03,2026-07-03T23:01:38.951131+00:00,2026-07-03,-0.4384955675430301,-0.3770575014458494,0.06143806609718072,0.06143806609718072,Soft dollar regime,Soft dollar regime,False,False,GOLD,0.2969226211529645,-0.0028741849147299048,-0.036594832771176256,-0.19155498926563164,0.054989951732489106,-0.03544954774502762,-0.2969226211529645,-0.05792447465169648,-0.06320875432341744
2026-07-10,2026-07-10T22:58:09.183235+00:00,2026-07-10,-0.46570703132108004,-0.41266178813506377,0.05304524318601628,0.05304524318601628,Soft dollar regime,Soft dollar regime,False,False,GOLD,0.22926448597374272,-0.0016558928911220017,-0.03827451387731107,-0.1788715594141519,0.0035987595464163635,-0.03304652854079926,-0.22926448597374272,-0.0056361169329628424,-0.051401892040206176
2026-07-17,2026-07-17T22:48:18.005885+00:00,2026-07-17,-0.4437221948347992,-0.4074697869976528,0.036252407837146394,0.036252407837146394,Soft dollar regime,Soft dollar regime,False,False,GOLD,0.1972879873245863,-0.003609516530509116,0.0028656188631144275,-0.16028533569133208,0.008107322931017347,-0.033464963630430056,-0.1972879873245863,-0.021748476075996725,-0.08090273541057491
2026-07-24,2026-07-24T22:59:21.607191+00:00,2026-07-24,-0.45672531641739444,-0.41695307921944125,0.0397722371979532,0.0397722371979532,Soft dollar regime,Soft dollar regime,False,False,GOLD,0.1656840121129135,0.0004082967562546447,-0.10278264391226877,-0.14503030828527175,0.007955818819387471,-0.031297783962140224,-0.1656840121129135,-0.05706110583593649,-0.07791986042867372
2026-07-31,2026-08-02T20:27:47.504927+00:00,2026-07-31,-0.5267951149033543,-0.4801185992853453,0.04667651561800901,0.04667651561800901,Soft dollar regime,Soft dollar regime,False,False,GOLD,0.17047024415861722,-0.0028660960844689165,-0.03286946507013355,-0.13288916057116396,0.005221466041842926,-0.029141438554637245,-0.17047024415861722,0.0021652048075977426,0.0035212418245484933
2026-08-07,2026-08-07T22:32:31.108080+00:00,2026-08-07,-0.5630728089150192,-0.5456603849253591,0.017412423989660142,0.017412423989660142,Soft dollar regime,Soft dollar regime,False,False,GOLD,0.17020336131859093,-0.003745111052455119,0.03348644266575418,-0.1227723444937836,0.0038288341961386085,-0.027022970049960016,-0.17020336131859093,-0.06366581760663736,-0.08363074681634597
2026-08-14,2026-08-14T22:20:17.687164+00:00,2026-08-14,-0.6201496727347942,-0.5834857977249303,0.0366638750098639,0.0366638750098639,Soft dollar regime,Soft dollar regime,False,False,GOLD,0.14552529172556428,0.004569479395813314,-0.02865533635480655,-0.10632374649264476,0.0027231288152603783,-0.019113659262159577,-0.14552529172556428,-0.011212324383218286,-0.0023873175841182537
2026-08-21,2026-08-21T22:21:39.945186+00:00,2026-08-21,-0.7231747772025738,-0.6927906766550084,0.030384100547565462,0.030384100547565462,Soft dollar regime,Soft dollar regime,False,False,GOLD,0.11758418026742401,-0.011595168265318659,-0.004650601339823757,-0.0886250147371932,0.0028705326989678093,-0.028790425380895268,-0.11758418026742401,0.009831619596401664,0.002315598625136417
2026-08-28,2026-08-29T21:45:17.732044+00:00,2026-08-28,-0.6910878223615368,-0.6308019899521462,0.06028583240939056,0.06028583240939056,Soft dollar regime,Soft dollar regime,False,False,GOLD,0.19748396732812745,-0.0023817256974379974,-0.03149733019982448,-0.07361051074772851,0.001898291823864362,-0.09549060332637405,-0.19748396732812745,0.0684671809101447,0.01622050063649949
2026-09-04,2026-09-04T23:43:36.642953+00:00,2026-09-04,-0.712292630238848,-0.692449538795294,0.019843091443554006,0.019843091443554006,Soft dollar regime,Soft dollar regime,False,False,GOLD,0.09211568659212954,-0.0019761391450652255,-0.00922729348439999,-0.058277203575821446,0.001392217989528044,-0.01792354898245674,-0.09211568659212954,0.0027095491885413825,-0.020924629119378535
2026-09-11,2026-09-11T23:52:55.616719+00:00,2026-09-11,-0.6845764769658309,-0.6665174717504811,0.018059005215349755,0.018059005215349755,Soft dollar regime,Soft dollar regime,False,False,GOLD,0.05242367110368118,0.0027767876275374415,-0.015365926641311312,-0.04310085141955877,0.0015991585717300416,-0.013969331207810853,-0.05242367110368118,0.030679796095681056,-0.015443480944514087
2026-09-18,2026-09-18T23:53:05.297841+00:00,2026-09-18,-0.6446637224085193,-0.6585132597926505,-0.013849537384131194,0.013849537384131194,Soft dollar regime,Soft dollar regime,False,False,WTI,0.2577426833990528,-0.000697064129501046,0.2577426833990528,-0.028856370967990763,0.0008148313416069253,-0.009367220509646668,-0.019556503973922723,0.04709233199257956,0.041956189669756894
2026-09-25,2026-09-26T00:22:11.823177+00:00,2026-09-25,-0.5644141175572839,-0.5675566538297081,-0.0031425362724242234,0.0031425362724242234,Soft dollar regime,Soft dollar regime,False,False,UST_2Y,0.0415810955340945,-0.014750920064673045,-0.005941731924993698,-0.014473427595434796,0.00034857941531218906,-0.015510615069965095,-0.01229325285319982,-0.0415810955340945,-0.017375881439531504
2026-10-02,2026-10-03T00:56:19.217256+00:00,2026-10-02,-0.5029776266134216,-0.5029776266134216,0.0,0.0,Soft dollar regime,Soft dollar regime,False,False,DXY,0.0,0.0,0.0,0.0,0.0,0.0,0.0,0.0,0.0
